["PLANA","10","PN2.5","","75","18","12","","4","11","50","","EN-1092-1 TIPO 01","BRIDA PLANA EN-1092-1 TIPO 01 PN2.5"]
["PLANA","15","PN2.5","","80","22","12","","4","11","55","","EN-1092-1 TIPO 01","BRIDA PLANA EN-1092-1 TIPO 01 PN2.5"]
["PLANA","20","PN2.5","","90","27.5","14","","4","11","65","","EN-1092-1 TIPO 01","BRIDA PLANA EN-1092-1 TIPO 01 PN2.5"]
["PLANA","25","PN2.5","","100","34.5","14","","4","11","75","","EN-1092-1 TIPO 01","BRIDA PLANA EN-1092-1 TIPO 01 PN2.5"]
["PLANA","32","PN2.5","","120","43.5","16","","4","14","90","","EN-1092-1 TIPO 01","BRIDA PLANA EN-1092-1 TIPO 01 PN2.5"]
["PLANA","40","PN2.5","","130","49.5","16","","4","14","100","","EN-1092-1 TIPO 01","BRIDA PLANA EN-1092-1 TIPO 01 PN2.5"]
["PLANA","50","PN2.5","","140","61.5","16","","4","14","110","","EN-1092-1 TIPO 01","BRIDA PLANA EN-1092-1 TIPO 01 PN2.5"]
["PLANA","65","PN2.5","","160","77.5","16","","4","14","130","","EN-1092-1 TIPO 01","BRIDA PLANA EN-1092-1 TIPO 01 PN2.5"]
["PLANA","80","PN2.5","","190","90.5","18","","4","18","150","","EN-1092-1 TIPO 01","BRIDA PLANA EN-1092-1 TIPO 01 PN2.5"]
["PLANA","100","PN2.5","","210","116","18","","4","18","170","","EN-1092-1 TIPO 01","BRIDA PLANA EN-1092-1 TIPO 01 PN2.5"]
["PLANA","125","PN2.5","","240","141.5","20","","8","18","200","","EN-1092-1 TIPO 01","BRIDA PLANA EN-1092-1 TIPO 01 PN2.5"]
["PLANA","150","PN2.5","","265","170.5","20","","8","18","225","","EN-1092-1 TIPO 01","BRIDA PLANA EN-1092-1 TIPO 01 PN2.5"]
["PLANA","200","PN2.5","","320","221.5","22","","8","18","280","","EN-1092-1 TIPO 01","BRIDA PLANA EN-1092-1 TIPO 01 PN2.5"]
["PLANA","250","PN2.5","","375","276.5","24","","12","18","335","","EN-1092-1 TIPO 01","BRIDA PLANA EN-1092-1 TIPO 01 PN2.5"]
["PLANA","300","PN2.5","","440","327.5","24","","12","22","395","","EN-1092-1 TIPO 01","BRIDA PLANA EN-1092-1 TIPO 01 PN2.5"]
["PLANA","350","PN2.5","","490","359.5","26","","12","22","445","","EN-1092-1 TIPO 01","BRIDA PLANA EN-1092-1 TIPO 01 PN2.5"]
["PLANA","400","PN2.5","","540","411","28","","16","22","495","","EN-1092-1 TIPO 01","BRIDA PLANA EN-1092-1 TIPO 01 PN2.5"]
["PLANA","450","PN2.5","","595","462","30","","16","22","550","","EN-1092-1 TIPO 01","BRIDA PLANA EN-1092-1 TIPO 01 PN2.5"]
["PLANA","500","PN2.5","","645","513.5","30","","20","22","600","","EN-1092-1 TIPO 01","BRIDA PLANA EN-1092-1 TIPO 01 PN2.5"]
["PLANA","600","PN2.5","","755","616.5","32","","20","26","705","","EN-1092-1 TIPO 01","BRIDA PLANA EN-1092-1 TIPO 01 PN2.5"]
["PLANA","700","PN2.5","","860","","40","","24","26","810","","EN-1092-1 TIPO 01","BRIDA PLANA EN-1092-1 TIPO 01 PN2.5"]
["PLANA","800","PN2.5","","975","","44","","24","30","920","","EN-1092-1 TIPO 01","BRIDA PLANA EN-1092-1 TIPO 01 PN2.5"]
["PLANA","900","PN2.5","","1075","","48","","24","30","1020","","EN-1092-1 TIPO 01","BRIDA PLANA EN-1092-1 TIPO 01 PN2.5"]
["PLANA","1000","PN2.5","","1175","","52","","28","30","1120","","EN-1092-1 TIPO 01","BRIDA PLANA EN-1092-1 TIPO 01 PN2.5"]
["PLANA","1200","PN2.5","","1375","","60","","32","30","1320","","EN-1092-1 TIPO 01","BRIDA PLANA EN-1092-1 TIPO 01 PN2.5"]
["PLANA","10","PN6","","75","18","12","","4","11","50","DIN 2573 (Antigua)","EN-1092-1 TIPO 01","BRIDA PLANA EN-1092-1 TIPO 01 PN6"]
["PLANA","15","PN6","","80","22","12","","4","11","55","DIN 2573 (Antigua)","EN-1092-1 TIPO 01","BRIDA PLANA EN-1092-1 TIPO 01 PN6"]
["PLANA","20","PN6","","90","27.5","14","","4","11","65","DIN 2573 (Antigua)","EN-1092-1 TIPO 01","BRIDA PLANA EN-1092-1 TIPO 01 PN6"]
["PLANA","25","PN6","","100","34.5","14","","4","11","75","DIN 2573 (Antigua)","EN-1092-1 TIPO 01","BRIDA PLANA EN-1092-1 TIPO 01 PN6"]
["PLANA","32","PN6","","120","43.5","16","","4","14","90","DIN 2573 (Antigua)","EN-1092-1 TIPO 01","BRIDA PLANA EN-1092-1 TIPO 01 PN6"]
["PLANA","40","PN6","","130","49.5","16","","4","14","100","DIN 2573 (Antigua)","EN-1092-1 TIPO 01","BRIDA PLANA EN-1092-1 TIPO 01 PN6"]
["PLANA","50","PN6","","140","61.5","16","","4","14","110","DIN 2573 (Antigua)","EN-1092-1 TIPO 01","BRIDA PLANA EN-1092-1 TIPO 01 PN6"]
["PLANA","65","PN6","","160","77.5","16","","4","14","130","DIN 2573 (Antigua)","EN-1092-1 TIPO 01","BRIDA PLANA EN-1092-1 TIPO 01 PN6"]
["PLANA","80","PN6","","190","90.5","18","","4","18","150","DIN 2573 (Antigua)","EN-1092-1 TIPO 01","BRIDA PLANA EN-1092-1 TIPO 01 PN6"]
["PLANA","100","PN6","","210","116","18","","4","18","170","DIN 2573 (Antigua)","EN-1092-1 TIPO 01","BRIDA PLANA EN-1092-1 TIPO 01 PN6"]
["PLANA","125","PN6","","240","141.5","20","","8","18","200","DIN 2573 (Antigua)","EN-1092-1 TIPO 01","BRIDA PLANA EN-1092-1 TIPO 01 PN6"]
["PLANA","150","PN6","","265","170.5","20","","8","18","225","DIN 2573 (Antigua)","EN-1092-1 TIPO 01","BRIDA PLANA EN-1092-1 TIPO 01 PN6"]
["PLANA","200","PN6","","320","221.5","22","","8","18","280","DIN 2573 (Antigua)","EN-1092-1 TIPO 01","BRIDA PLANA EN-1092-1 TIPO 01 PN6"]
["PLANA","250","PN6","","375","276.5","24","","12","18","335","DIN 2573 (Antigua)","EN-1092-1 TIPO 01","BRIDA PLANA EN-1092-1 TIPO 01 PN6"]
["PLANA","300","PN6","","440","327.5","24","","12","22","395","DIN 2573 (Antigua)","EN-1092-1 TIPO 01","BRIDA PLANA EN-1092-1 TIPO 01 PN6"]
["PLANA","350","PN6","","490","359.5","26","","12","22","445","DIN 2573 (Antigua)","EN-1092-1 TIPO 01","BRIDA PLANA EN-1092-1 TIPO 01 PN6"]
["PLANA","400","PN6","","540","411","28","","16","22","495","DIN 2573 (Antigua)","EN-1092-1 TIPO 01","BRIDA PLANA EN-1092-1 TIPO 01 PN6"]
["PLANA","450","PN6","","595","462","30","","16","22","550","DIN 2573 (Antigua)","EN-1092-1 TIPO 01","BRIDA PLANA EN-1092-1 TIPO 01 PN6"]
["PLANA","500","PN6","","645","513.5","30","","20","22","600","DIN 2573 (Antigua)","EN-1092-1 TIPO 01","BRIDA PLANA EN-1092-1 TIPO 01 PN6"]
["PLANA","600","PN6","","755","616.5","32","","20","26","705","DIN 2573 (Antigua)","EN-1092-1 TIPO 01","BRIDA PLANA EN-1092-1 TIPO 01 PN6"]
["PLANA","700","PN6","","860","","40","","24","26","810","DIN 2573 (Antigua)","EN-1092-1 TIPO 01","BRIDA PLANA EN-1092-1 TIPO 01 PN6"]
["PLANA","800","PN6","","975","","44","","24","30","920","DIN 2573 (Antigua)","EN-1092-1 TIPO 01","BRIDA PLANA EN-1092-1 TIPO 01 PN6"]
["PLANA","900","PN6","","1075","","48","","24","30","1020","DIN 2573 (Antigua)","EN-1092-1 TIPO 01","BRIDA PLANA EN-1092-1 TIPO 01 PN6"]
["PLANA","1000","PN6","","1175","","52","","28","30","1120","DIN 2573 (Antigua)","EN-1092-1 TIPO 01","BRIDA PLANA EN-1092-1 TIPO 01 PN6"]
["PLANA","1200","PN6","","1405","","60","","32","33","1340","DIN 2573 (Antigua)","EN-1092-1 TIPO 01","BRIDA PLANA EN-1092-1 TIPO 01 PN6"]
["PLANA","1400","PN6","","1630","","72","","36","36","1560","DIN 2573 (Antigua)","EN-1092-1 TIPO 01","BRIDA PLANA EN-1092-1 TIPO 01 PN6"]
["PLANA","1600","PN6","","1830","","80","","40","36","1760","DIN 2573 (Antigua)","EN-1092-1 TIPO 01","BRIDA PLANA EN-1092-1 TIPO 01 PN6"]
["PLANA","1800","PN6","","2045","","88","","44","39","1970","DIN 2573 (Antigua)","EN-1092-1 TIPO 01","BRIDA PLANA EN-1092-1 TIPO 01 PN6"]
["PLANA","2000","PN6","","2265","","96","","48","42","2180","DIN 2573 (Antigua)","EN-1092-1 TIPO 01","BRIDA PLANA EN-1092-1 TIPO 01 PN6"]
["PLANA","10","PN10","","90","18","14","","4","14","60","DIN 2576 (Antigua)","EN-1092-1 TIPO 01","BRIDA PLANA EN-1092-1 TIPO 01 PN10"]
["PLANA","15","PN10","","95","22","14","","4","14","65","DIN 2576 (Antigua)","EN-1092-1 TIPO 01","BRIDA PLANA EN-1092-1 TIPO 01 PN10"]
["PLANA","20","PN10","","105","27.5","16","","4","14","75","DIN 2576 (Antigua)","EN-1092-1 TIPO 01","BRIDA PLANA EN-1092-1 TIPO 01 PN10"]
["PLANA","25","PN10","","115","34.5","16","","4","14","85","DIN 2576 (Antigua)","EN-1092-1 TIPO 01","BRIDA PLANA EN-1092-1 TIPO 01 PN10"]
["PLANA","32","PN10","","140","43.5","18","","4","18","100","DIN 2576 (Antigua)","EN-1092-1 TIPO 01","BRIDA PLANA EN-1092-1 TIPO 01 PN10"]
["PLANA","40","PN10","","150","49.5","18","","4","18","110","DIN 2576 (Antigua)","EN-1092-1 TIPO 01","BRIDA PLANA EN-1092-1 TIPO 01 PN10"]
["PLANA","50","PN10","","165","61.5","20","","4","18","125","DIN 2576 (Antigua)","EN-1092-1 TIPO 01","BRIDA PLANA EN-1092-1 TIPO 01 PN10"]
["PLANA","65","PN10","","185","77.5","20","","8","18","145","DIN 2576 (Antigua)","EN-1092-1 TIPO 01","BRIDA PLANA EN-1092-1 TIPO 01 PN10"]
["PLANA","80","PN10","","200","90.5","20","","8","18","160","DIN 2576 (Antigua)","EN-1092-1 TIPO 01","BRIDA PLANA EN-1092-1 TIPO 01 PN10"]
["PLANA","100","PN10","","220","116","22","","8","18","180","DIN 2576 (Antigua)","EN-1092-1 TIPO 01","BRIDA PLANA EN-1092-1 TIPO 01 PN10"]
["PLANA","125","PN10","","250","141.5","22","","8","18","210","DIN 2576 (Antigua)","EN-1092-1 TIPO 01","BRIDA PLANA EN-1092-1 TIPO 01 PN10"]
["PLANA","150","PN10","","285","170.5","24","","8","22","240","DIN 2576 (Antigua)","EN-1092-1 TIPO 01","BRIDA PLANA EN-1092-1 TIPO 01 PN10"]
["PLANA","200","PN10","","340","221.5","24","","8","22","295","DIN 2576 (Antigua)","EN-1092-1 TIPO 01","BRIDA PLANA EN-1092-1 TIPO 01 PN10"]
["PLANA","250","PN10","","395","276.5","26","","12","22","350","DIN 2576 (Antigua)","EN-1092-1 TIPO 01","BRIDA PLANA EN-1092-1 TIPO 01 PN10"]
["PLANA","300","PN10","","445","327.5","26","","12","22","400","DIN 2576 (Antigua)","EN-1092-1 TIPO 01","BRIDA PLANA EN-1092-1 TIPO 01 PN10"]
["PLANA","350","PN10","","505","359.5","30","","16","22","460","DIN 2576 (Antigua)","EN-1092-1 TIPO 01","BRIDA PLANA EN-1092-1 TIPO 01 PN10"]
["PLANA","400","PN10","","565","411","32","","16","26","515","DIN 2576 (Antigua)","EN-1092-1 TIPO 01","BRIDA PLANA EN-1092-1 TIPO 01 PN10"]
["PLANA","450","PN10","","615","462","36","","20","26","565","DIN 2576 (Antigua)","EN-1092-1 TIPO 01","BRIDA PLANA EN-1092-1 TIPO 01 PN10"]
["PLANA","500","PN10","","670","513.5","38","","20","26","620","DIN 2576 (Antigua)","EN-1092-1 TIPO 01","BRIDA PLANA EN-1092-1 TIPO 01 PN10"]
["PLANA","600","PN10","","780","616.5","42","","20","30","725","DIN 2576 (Antigua)","EN-1092-1 TIPO 01","BRIDA PLANA EN-1092-1 TIPO 01 PN10"]
["PLANA","700","PN10","","895","","50","","24","30","840","DIN 2576 (Antigua)","EN-1092-1 TIPO 01","BRIDA PLANA EN-1092-1 TIPO 01 PN10"]
["PLANA","800","PN10","","1015","","56","","24","33","950","DIN 2576 (Antigua)","EN-1092-1 TIPO 01","BRIDA PLANA EN-1092-1 TIPO 01 PN10"]
["PLANA","900","PN10","","1115","","62","","28","33","1050","DIN 2576 (Antigua)","EN-1092-1 TIPO 01","BRIDA PLANA EN-1092-1 TIPO 01 PN10"]
["PLANA","1000","PN10","","1230","","70","","28","36","1160","DIN 2576 (Antigua)","EN-1092-1 TIPO 01","BRIDA PLANA EN-1092-1 TIPO 01 PN10"]
["PLANA","1200","PN10","","1455","","83","","32","39","1380","DIN 2576 (Antigua)","EN-1092-1 TIPO 01","BRIDA PLANA EN-1092-1 TIPO 01 PN10"]
["PLANA","1400","PN10","","1675","","","","36","42","1590","DIN 2576 (Antigua)","EN-1092-1 TIPO 01","BRIDA PLANA EN-1092-1 TIPO 01 PN10"]
["PLANA","1600","PN10","","1915","","","","40","48","1820","DIN 2576 (Antigua)","EN-1092-1 TIPO 01","BRIDA PLANA EN-1092-1 TIPO 01 PN10"]
["PLANA","1800","PN10","","2115","","","","44","48","2020","DIN 2576 (Antigua)","EN-1092-1 TIPO 01","BRIDA PLANA EN-1092-1 TIPO 01 PN10"]
["PLANA","2000","PN10","","2325","","","","48","48","2230","DIN 2576 (Antigua)","EN-1092-1 TIPO 01","BRIDA PLANA EN-1092-1 TIPO 01 PN10"]
["PLANA","2200","PN10","","2550","","","","52","56","2440","DIN 2576 (Antigua)","EN-1092-1 TIPO 01","BRIDA PLANA EN-1092-1 TIPO 01 PN10"]
["PLANA","2400","PN10","","2760","","","","56","56","2650","DIN 2576 (Antigua)","EN-1092-1 TIPO 01","BRIDA PLANA EN-1092-1 TIPO 01 PN10"]
["PLANA","2600","PN10","","2960","","","","60","56","2850","DIN 2576 (Antigua)","EN-1092-1 TIPO 01","BRIDA PLANA EN-1092-1 TIPO 01 PN10"]
["PLANA","2800","PN10","","3180","","","","64","56","3070","DIN 2576 (Antigua)","EN-1092-1 TIPO 01","BRIDA PLANA EN-1092-1 TIPO 01 PN10"]
["PLANA","3000","PN10","","3405","","","","68","62","3290","DIN 2576 (Antigua)","EN-1092-1 TIPO 01","BRIDA PLANA EN-1092-1 TIPO 01 PN10"]
["PLANA","10","PN16","","90","18","14","","4","14","60","DIN 2576 (Antigua)","EN-1092-1 TIPO 01","BRIDA PLANA EN-1092-1 TIPO 01 PN16"]
["PLANA","15","PN16","","95","22","14","","4","14","65","DIN 2576 (Antigua)","EN-1092-1 TIPO 01","BRIDA PLANA EN-1092-1 TIPO 01 PN16"]
["PLANA","20","PN16","","105","27.5","16","","4","14","75","DIN 2576 (Antigua)","EN-1092-1 TIPO 01","BRIDA PLANA EN-1092-1 TIPO 01 PN16"]
["PLANA","25","PN16","","115","34.5","16","","4","14","85","DIN 2576 (Antigua)","EN-1092-1 TIPO 01","BRIDA PLANA EN-1092-1 TIPO 01 PN16"]
["PLANA","32","PN16","","140","43.5","18","","4","18","100","DIN 2576 (Antigua)","EN-1092-1 TIPO 01","BRIDA PLANA EN-1092-1 TIPO 01 PN16"]
["PLANA","40","PN16","","150","49.5","18","","4","18","110","DIN 2576 (Antigua)","EN-1092-1 TIPO 01","BRIDA PLANA EN-1092-1 TIPO 01 PN16"]
["PLANA","50","PN16","","165","61.5","20","","4","18","125","DIN 2576 (Antigua)","EN-1092-1 TIPO 01","BRIDA PLANA EN-1092-1 TIPO 01 PN16"]
["PLANA","65","PN16","","185","77.5","20","","8","18","145","DIN 2576 (Antigua)","EN-1092-1 TIPO 01","BRIDA PLANA EN-1092-1 TIPO 01 PN16"]
["PLANA","80","PN16","","200","90.5","20","","8","18","160","DIN 2576 (Antigua)","EN-1092-1 TIPO 01","BRIDA PLANA EN-1092-1 TIPO 01 PN16"]
["PLANA","100","PN16","","220","116","22","","8","18","180","DIN 2576 (Antigua)","EN-1092-1 TIPO 01","BRIDA PLANA EN-1092-1 TIPO 01 PN16"]
["PLANA","125","PN16","","250","141.5","22","","8","18","210","DIN 2576 (Antigua)","EN-1092-1 TIPO 01","BRIDA PLANA EN-1092-1 TIPO 01 PN16"]
["PLANA","150","PN16","","285","170.5","24","","8","22","240","DIN 2576 (Antigua)","EN-1092-1 TIPO 01","BRIDA PLANA EN-1092-1 TIPO 01 PN16"]
["PLANA","200","PN16","","340","221.5","26","","12","22","295","DIN 2576 (Antigua)","EN-1092-1 TIPO 01","BRIDA PLANA EN-1092-1 TIPO 01 PN16"]
["PLANA","250","PN16","","405","276.5","29","","12","26","355","DIN 2576 (Antigua)","EN-1092-1 TIPO 01","BRIDA PLANA EN-1092-1 TIPO 01 PN16"]
["PLANA","300","PN16","","460","327.5","32","","12","26","410","DIN 2576 (Antigua)","EN-1092-1 TIPO 01","BRIDA PLANA EN-1092-1 TIPO 01 PN16"]
["PLANA","350","PN16","","520","359.5","35","","16","26","470","DIN 2576 (Antigua)","EN-1092-1 TIPO 01","BRIDA PLANA EN-1092-1 TIPO 01 PN16"]
["PLANA","400","PN16","","580","411","38","","16","30","525","DIN 2576 (Antigua)","EN-1092-1 TIPO 01","BRIDA PLANA EN-1092-1 TIPO 01 PN16"]
["PLANA","450","PN16","","640","462","42","","20","30","585","DIN 2576 (Antigua)","EN-1092-1 TIPO 01","BRIDA PLANA EN-1092-1 TIPO 01 PN16"]
["PLANA","500","PN16","","715","513.5","46","","20","33","650","DIN 2576 (Antigua)","EN-1092-1 TIPO 01","BRIDA PLANA EN-1092-1 TIPO 01 PN16"]
["PLANA","600","PN16","","840","616.5","55","","20","36","770","DIN 2576 (Antigua)","EN-1092-1 TIPO 01","BRIDA PLANA EN-1092-1 TIPO 01 PN16"]
["PLANA","700","PN16","","910","","63","","24","36","840","DIN 2576 (Antigua)","EN-1092-1 TIPO 01","BRIDA PLANA EN-1092-1 TIPO 01 PN16"]
["PLANA","800","PN16","","1025","","74","","24","39","950","DIN 2576 (Antigua)","EN-1092-1 TIPO 01","BRIDA PLANA EN-1092-1 TIPO 01 PN16"]
["PLANA","900","PN16","","1125","","82","","28","39","1050","DIN 2576 (Antigua)","EN-1092-1 TIPO 01","BRIDA PLANA EN-1092-1 TIPO 01 PN16"]
["PLANA","1000","PN16","","1255","","90","","28","42","1170","DIN 2576 (Antigua)","EN-1092-1 TIPO 01","BRIDA PLANA EN-1092-1 TIPO 01 PN16"]
["PLANA","10","PN25","","90","18","14","","4","14","60","DIN 2502 (Antigua)","EN-1092-1 TIPO 01","BRIDA PLANA EN-1092-1 TIPO 01 PN25"]
["PLANA","15","PN25","","95","22","14","","4","14","65","DIN 2502 (Antigua)","EN-1092-1 TIPO 01","BRIDA PLANA EN-1092-1 TIPO 01 PN25"]
["PLANA","20","PN25","","105","27.5","16","","4","14","75","DIN 2502 (Antigua)","EN-1092-1 TIPO 01","BRIDA PLANA EN-1092-1 TIPO 01 PN25"]
["PLANA","25","PN25","","115","34.5","16","","4","14","85","DIN 2502 (Antigua)","EN-1092-1 TIPO 01","BRIDA PLANA EN-1092-1 TIPO 01 PN25"]
["PLANA","32","PN25","","140","43.5","18","","4","18","100","DIN 2502 (Antigua)","EN-1092-1 TIPO 01","BRIDA PLANA EN-1092-1 TIPO 01 PN25"]
["PLANA","40","PN25","","150","49.5","18","","4","18","110","DIN 2502 (Antigua)","EN-1092-1 TIPO 01","BRIDA PLANA EN-1092-1 TIPO 01 PN25"]
["PLANA","50","PN25","","165","61.5","20","","4","18","125","DIN 2502 (Antigua)","EN-1092-1 TIPO 01","BRIDA PLANA EN-1092-1 TIPO 01 PN25"]
["PLANA","65","PN25","","185","77.5","22","","8","18","145","DIN 2502 (Antigua)","EN-1092-1 TIPO 01","BRIDA PLANA EN-1092-1 TIPO 01 PN25"]
["PLANA","80","PN25","","200","90.5","24","","8","18","160","DIN 2502 (Antigua)","EN-1092-1 TIPO 01","BRIDA PLANA EN-1092-1 TIPO 01 PN25"]
["PLANA","100","PN25","","235","116","26","","8","22","190","DIN 2502 (Antigua)","EN-1092-1 TIPO 01","BRIDA PLANA EN-1092-1 TIPO 01 PN25"]
["PLANA","125","PN25","","270","141.5","28","","8","26","220","DIN 2502 (Antigua)","EN-1092-1 TIPO 01","BRIDA PLANA EN-1092-1 TIPO 01 PN25"]
["PLANA","150","PN25","","300","170.5","30","","8","26","250","DIN 2502 (Antigua)","EN-1092-1 TIPO 01","BRIDA PLANA EN-1092-1 TIPO 01 PN25"]
["PLANA","200","PN25","","360","221.5","32","","12","26","310","DIN 2502 (Antigua)","EN-1092-1 TIPO 01","BRIDA PLANA EN-1092-1 TIPO 01 PN25"]
["PLANA","250","PN25","","425","276.5","35","","12","30","370","DIN 2502 (Antigua)","EN-1092-1 TIPO 01","BRIDA PLANA EN-1092-1 TIPO 01 PN25"]
["PLANA","300","PN25","","485","327.5","38","","16","30","430","DIN 2502 (Antigua)","EN-1092-1 TIPO 01","BRIDA PLANA EN-1092-1 TIPO 01 PN25"]
["PLANA","350","PN25","","555","359.5","42","","16","33","490","DIN 2502 (Antigua)","EN-1092-1 TIPO 01","BRIDA PLANA EN-1092-1 TIPO 01 PN25"]
["PLANA","400","PN25","","620","411","46","","16","36","550","DIN 2502 (Antigua)","EN-1092-1 TIPO 01","BRIDA PLANA EN-1092-1 TIPO 01 PN25"]
["PLANA","450","PN25","","670","462","50","","20","36","600","DIN 2502 (Antigua)","EN-1092-1 TIPO 01","BRIDA PLANA EN-1092-1 TIPO 01 PN25"]
["PLANA","500","PN25","","730","513.5","56","","20","36","660","DIN 2502 (Antigua)","EN-1092-1 TIPO 01","BRIDA PLANA EN-1092-1 TIPO 01 PN25"]
["PLANA","600","PN25","","845","616.5","68","","20","39","770","DIN 2502 (Antigua)","EN-1092-1 TIPO 01","BRIDA PLANA EN-1092-1 TIPO 01 PN25"]
["PLANA","700","PN25","","960","","85","","24","42","875","DIN 2502 (Antigua)","EN-1092-1 TIPO 01","BRIDA PLANA EN-1092-1 TIPO 01 PN25"]
["PLANA","800","PN25","","1085","","95","","24","48","990","DIN 2502 (Antigua)","EN-1092-1 TIPO 01","BRIDA PLANA EN-1092-1 TIPO 01 PN25"]
["PLANA","900","PN25","","1158","","","","28","48","1090","DIN 2502 (Antigua)","EN-1092-1 TIPO 01","BRIDA PLANA EN-1092-1 TIPO 01 PN25"]
["PLANA","1000","PN25","","1320","","","","28","56","1210","DIN 2502 (Antigua)","EN-1092-1 TIPO 01","BRIDA PLANA EN-1092-1 TIPO 01 PN25"]
["PLANA","1200","PN25","","1530","","","","32","56","1420","DIN 2502 (Antigua)","EN-1092-1 TIPO 01","BRIDA PLANA EN-1092-1 TIPO 01 PN25"]
["PLANA","1400","PN25","","1755","","","","36","62","1640","DIN 2502 (Antigua)","EN-1092-1 TIPO 01","BRIDA PLANA EN-1092-1 TIPO 01 PN25"]
["PLANA","1600","PN25","","1975","","","","40","62","1860","DIN 2502 (Antigua)","EN-1092-1 TIPO 01","BRIDA PLANA EN-1092-1 TIPO 01 PN25"]
["PLANA","1800","PN25","","2195","","","","44","70","2070","DIN 2502 (Antigua)","EN-1092-1 TIPO 01","BRIDA PLANA EN-1092-1 TIPO 01 PN25"]
["PLANA","2000","PN25","","2425","","","","48","70","2300","DIN 2502 (Antigua)","EN-1092-1 TIPO 01","BRIDA PLANA EN-1092-1 TIPO 01 PN25"]
["PLANA","10","PN40","","90","18","14","","4","14","60","DIN 2503 (Antigua)","EN-1092-1 TIPO 01","BRIDA PLANA EN-1092-1 TIPO 01 PN40"]
["PLANA","15","PN40","","95","22","14","","4","14","65","DIN 2503 (Antigua)","EN-1092-1 TIPO 01","BRIDA PLANA EN-1092-1 TIPO 01 PN40"]
["PLANA","20","PN40","","105","27.5","16","","4","14","75","DIN 2503 (Antigua)","EN-1092-1 TIPO 01","BRIDA PLANA EN-1092-1 TIPO 01 PN40"]
["PLANA","25","PN40","","115","34.5","16","","4","14","85","DIN 2503 (Antigua)","EN-1092-1 TIPO 01","BRIDA PLANA EN-1092-1 TIPO 01 PN40"]
["PLANA","32","PN40","","140","43.5","18","","4","18","100","DIN 2503 (Antigua)","EN-1092-1 TIPO 01","BRIDA PLANA EN-1092-1 TIPO 01 PN40"]
["PLANA","40","PN40","","150","49.5","18","","4","18","110","DIN 2503 (Antigua)","EN-1092-1 TIPO 01","BRIDA PLANA EN-1092-1 TIPO 01 PN40"]
["PLANA","50","PN40","","165","61.5","20","","4","18","125","DIN 2503 (Antigua)","EN-1092-1 TIPO 01","BRIDA PLANA EN-1092-1 TIPO 01 PN40"]
["PLANA","65","PN40","","185","77.5","22","","8","18","145","DIN 2503 (Antigua)","EN-1092-1 TIPO 01","BRIDA PLANA EN-1092-1 TIPO 01 PN40"]
["PLANA","80","PN40","","200","90.5","24","","8","18","160","DIN 2503 (Antigua)","EN-1092-1 TIPO 01","BRIDA PLANA EN-1092-1 TIPO 01 PN40"]
["PLANA","100","PN40","","235","116","26","","8","22","190","DIN 2503 (Antigua)","EN-1092-1 TIPO 01","BRIDA PLANA EN-1092-1 TIPO 01 PN40"]
["PLANA","125","PN40","","270","141.5","28","","8","26","220","DIN 2503 (Antigua)","EN-1092-1 TIPO 01","BRIDA PLANA EN-1092-1 TIPO 01 PN40"]
["PLANA","150","PN40","","300","170.5","30","","8","26","250","DIN 2503 (Antigua)","EN-1092-1 TIPO 01","BRIDA PLANA EN-1092-1 TIPO 01 PN40"]
["PLANA","200","PN40","","375","221.5","36","","12","30","320","DIN 2503 (Antigua)","EN-1092-1 TIPO 01","BRIDA PLANA EN-1092-1 TIPO 01 PN40"]
["PLANA","250","PN40","","450","276.5","42","","12","33","385","DIN 2503 (Antigua)","EN-1092-1 TIPO 01","BRIDA PLANA EN-1092-1 TIPO 01 PN40"]
["PLANA","300","PN40","","515","327.5","52","","16","33","450","DIN 2503 (Antigua)","EN-1092-1 TIPO 01","BRIDA PLANA EN-1092-1 TIPO 01 PN40"]
["PLANA","350","PN40","","580","359.5","58","","16","36","510","DIN 2503 (Antigua)","EN-1092-1 TIPO 01","BRIDA PLANA EN-1092-1 TIPO 01 PN40"]
["PLANA","400","PN40","","660","411","65","","16","39","585","DIN 2503 (Antigua)","EN-1092-1 TIPO 01","BRIDA PLANA EN-1092-1 TIPO 01 PN40"]
["PLANA","450","PN40","","685","462","","","20","39","610","DIN 2503 (Antigua)","EN-1092-1 TIPO 01","BRIDA PLANA EN-1092-1 TIPO 01 PN40"]
["PLANA","500","PN40","","755","513.5","","","20","42","670","DIN 2503 (Antigua)","EN-1092-1 TIPO 01","BRIDA PLANA EN-1092-1 TIPO 01 PN40"]
["PLANA","600","PN40","","890","616.5","","","20","48","795","DIN 2503 (Antigua)","EN-1092-1 TIPO 01","BRIDA PLANA EN-1092-1 TIPO 01 PN40"]
["PLANA","700","PN40","","995","","","","24","48","900","DIN 2503 (Antigua)","EN-1092-1 TIPO 01","BRIDA PLANA EN-1092-1 TIPO 01 PN40"]
["PLANA","800","PN40","","1140","","","","24","56","1030","DIN 2503 (Antigua)","EN-1092-1 TIPO 01","BRIDA PLANA EN-1092-1 TIPO 01 PN40"]
["PLANA","900","PN40","","1250","","","","28","56","1140","DIN 2503 (Antigua)","EN-1092-1 TIPO 01","BRIDA PLANA EN-1092-1 TIPO 01 PN40"]
["PLANA","1000","PN40","","1360","","","","28","56","1250","DIN 2503 (Antigua)","EN-1092-1 TIPO 01","BRIDA PLANA EN-1092-1 TIPO 01 PN40"]
["PLANA","1200","PN40","","1575","","","","32","62","1460","DIN 2503 (Antigua)","EN-1092-1 TIPO 01","BRIDA PLANA EN-1092-1 TIPO 01 PN40"]
["PLANA","1400","PN40","","1795","","","","36","62","1680","DIN 2503 (Antigua)","EN-1092-1 TIPO 01","BRIDA PLANA EN-1092-1 TIPO 01 PN40"]
["PLANA","1600","PN40","","2025","","","","40","70","1900","DIN 2503 (Antigua)","EN-1092-1 TIPO 01","BRIDA PLANA EN-1092-1 TIPO 01 PN40"]
["PLANA","10","PN63","","100","18","20","","4","14","70","","EN-1092-1 TIPO 01","BRIDA PLANA EN-1092-1 TIPO 01 PN63"]
["PLANA","15","PN63","","105","22","20","","4","14","75","","EN-1092-1 TIPO 01","BRIDA PLANA EN-1092-1 TIPO 01 PN63"]
["PLANA","20","PN63","","130","27.5","22","","4","18","90","","EN-1092-1 TIPO 01","BRIDA PLANA EN-1092-1 TIPO 01 PN63"]
["PLANA","25","PN63","","140","34.5","24","","4","18","100","","EN-1092-1 TIPO 01","BRIDA PLANA EN-1092-1 TIPO 01 PN63"]
["PLANA","32","PN63","","155","43.5","26","","4","22","110","","EN-1092-1 TIPO 01","BRIDA PLANA EN-1092-1 TIPO 01 PN63"]
["PLANA","40","PN63","","170","49.5","28","","4","22","125","","EN-1092-1 TIPO 01","BRIDA PLANA EN-1092-1 TIPO 01 PN63"]
["PLANA","50","PN63","","180","61.5","26","","4","22","135","","EN-1092-1 TIPO 01","BRIDA PLANA EN-1092-1 TIPO 01 PN63"]
["PLANA","65","PN63","","205","77.5","26","","8","22","160","","EN-1092-1 TIPO 01","BRIDA PLANA EN-1092-1 TIPO 01 PN63"]
["PLANA","80","PN63","","215","90.5","28","","8","22","170","","EN-1092-1 TIPO 01","BRIDA PLANA EN-1092-1 TIPO 01 PN63"]
["PLANA","100","PN63","","250","116","30","","8","26","200","","EN-1092-1 TIPO 01","BRIDA PLANA EN-1092-1 TIPO 01 PN63"]
["PLANA","125","PN63","","295","141.5","34","","8","30","240","","EN-1092-1 TIPO 01","BRIDA PLANA EN-1092-1 TIPO 01 PN63"]
["PLANA","150","PN63","","345","170.5","36","","8","33","280","","EN-1092-1 TIPO 01","BRIDA PLANA EN-1092-1 TIPO 01 PN63"]
["PLANA","200","PN63","","415","221.5","42","","12","36","345","","EN-1092-1 TIPO 01","BRIDA PLANA EN-1092-1 TIPO 01 PN63"]
["PLANA","250","PN63","","470","276.5","46","","12","36","400","","EN-1092-1 TIPO 01","BRIDA PLANA EN-1092-1 TIPO 01 PN63"]
["PLANA","300","PN63","","530","327.5","52","","16","36","460","","EN-1092-1 TIPO 01","BRIDA PLANA EN-1092-1 TIPO 01 PN63"]
["PLANA","350","PN63","","600","359.5","56","","16","39","525","","EN-1092-1 TIPO 01","BRIDA PLANA EN-1092-1 TIPO 01 PN63"]
["PLANA","400","PN63","","670","411","60","","16","42","585","","EN-1092-1 TIPO 01","BRIDA PLANA EN-1092-1 TIPO 01 PN63"]
["PLANA","10","PN100","","100","18","20","","4","14","70","","EN-1092-1 TIPO 01","BRIDA PLANA EN-1092-1 TIPO 01 PN100"]
["PLANA","15","PN100","","105","22","20","","4","14","75","","EN-1092-1 TIPO 01","BRIDA PLANA EN-1092-1 TIPO 01 PN100"]
["PLANA","20","PN100","","130","27.5","22","","4","18","90","","EN-1092-1 TIPO 01","BRIDA PLANA EN-1092-1 TIPO 01 PN100"]
["PLANA","25","PN100","","140","34.5","24","","4","18","100","","EN-1092-1 TIPO 01","BRIDA PLANA EN-1092-1 TIPO 01 PN100"]
["PLANA","32","PN100","","155","43.5","26","","4","22","110","","EN-1092-1 TIPO 01","BRIDA PLANA EN-1092-1 TIPO 01 PN100"]
["PLANA","40","PN100","","170","49.5","28","","4","22","125","","EN-1092-1 TIPO 01","BRIDA PLANA EN-1092-1 TIPO 01 PN100"]
["PLANA","50","PN100","","195","61.5","30","","4","26","145","","EN-1092-1 TIPO 01","BRIDA PLANA EN-1092-1 TIPO 01 PN100"]
["PLANA","65","PN100","","220","77.5","34","","8","26","170","","EN-1092-1 TIPO 01","BRIDA PLANA EN-1092-1 TIPO 01 PN100"]
["PLANA","80","PN100","","230","90.5","36","","8","26","180","","EN-1092-1 TIPO 01","BRIDA PLANA EN-1092-1 TIPO 01 PN100"]
["PLANA","100","PN100","","265","116","40","","8","30","210","","EN-1092-1 TIPO 01","BRIDA PLANA EN-1092-1 TIPO 01 PN100"]
["PLANA","125","PN100","","315","141.5","40","","8","33","250","","EN-1092-1 TIPO 01","BRIDA PLANA EN-1092-1 TIPO 01 PN100"]
["PLANA","150","PN100","","355","170.5","44","","12","33","290","","EN-1092-1 TIPO 01","BRIDA PLANA EN-1092-1 TIPO 01 PN100"]
["PLANA","200","PN100","","430","221.5","52","","12","36","360","","EN-1092-1 TIPO 01","BRIDA PLANA EN-1092-1 TIPO 01 PN100"]
["PLANA","250","PN100","","505","276.5","60","","12","39","430","","EN-1092-1 TIPO 01","BRIDA PLANA EN-1092-1 TIPO 01 PN100"]
["PLANA","300","PN100","","585","327.5","68","","16","42","500","","EN-1092-1 TIPO 01","BRIDA PLANA EN-1092-1 TIPO 01 PN100"]
["PLANA","350","PN100","","655","359.5","74","","16","48","560","","EN-1092-1 TIPO 01","BRIDA PLANA EN-1092-1 TIPO 01 PN100"]
["DE CUELLO","10","PN6","","75","17.2","12","","4","11","50","DIN 2630 (Antigua)","EN-1092-1 TIPO 11","BRIDA DE CUELLO EN-1092-1 TIPO 11 PN6"]
["DE CUELLO","15","PN6","","80","21.3","12","","4","11","55","DIN 2630 (Antigua)","EN-1092-1 TIPO 11","BRIDA DE CUELLO EN-1092-1 TIPO 11 PN6"]
["DE CUELLO","20","PN6","","90","26.9","14","","4","11","65","DIN 2630 (Antigua)","EN-1092-1 TIPO 11","BRIDA DE CUELLO EN-1092-1 TIPO 11 PN6"]
["DE CUELLO","25","PN6","","100","33.7","14","","4","11","75","DIN 2630 (Antigua)","EN-1092-1 TIPO 11","BRIDA DE CUELLO EN-1092-1 TIPO 11 PN6"]
["DE CUELLO","32","PN6","","120","42.4","14","","4","14","90","DIN 2630 (Antigua)","EN-1092-1 TIPO 11","BRIDA DE CUELLO EN-1092-1 TIPO 11 PN6"]
["DE CUELLO","40","PN6","","130","48.3","14","","4","14","100","DIN 2630 (Antigua)","EN-1092-1 TIPO 11","BRIDA DE CUELLO EN-1092-1 TIPO 11 PN6"]
["DE CUELLO","50","PN6","","140","60.3","14","","4","14","110","DIN 2630 (Antigua)","EN-1092-1 TIPO 11","BRIDA DE CUELLO EN-1092-1 TIPO 11 PN6"]
["DE CUELLO","65","PN6","","160","76.1","14","","4","14","130","DIN 2630 (Antigua)","EN-1092-1 TIPO 11","BRIDA DE CUELLO EN-1092-1 TIPO 11 PN6"]
["DE CUELLO","80","PN6","","190","88.9","16","","4","18","150","DIN 2630 (Antigua)","EN-1092-1 TIPO 11","BRIDA DE CUELLO EN-1092-1 TIPO 11 PN6"]
["DE CUELLO","100","PN6","","210","114.3","16","","4","18","170","DIN 2630 (Antigua)","EN-1092-1 TIPO 11","BRIDA DE CUELLO EN-1092-1 TIPO 11 PN6"]
["DE CUELLO","125","PN6","","240","139.7","18","","8","18","200","DIN 2630 (Antigua)","EN-1092-1 TIPO 11","BRIDA DE CUELLO EN-1092-1 TIPO 11 PN6"]
["DE CUELLO","150","PN6","","265","168.3","18","","8","18","225","DIN 2630 (Antigua)","EN-1092-1 TIPO 11","BRIDA DE CUELLO EN-1092-1 TIPO 11 PN6"]
["DE CUELLO","200","PN6","","320","219.1","20","","8","18","280","DIN 2630 (Antigua)","EN-1092-1 TIPO 11","BRIDA DE CUELLO EN-1092-1 TIPO 11 PN6"]
["DE CUELLO","250","PN6","","375","273","22","","12","18","335","DIN 2630 (Antigua)","EN-1092-1 TIPO 11","BRIDA DE CUELLO EN-1092-1 TIPO 11 PN6"]
["DE CUELLO","300","PN6","","440","323.9","22","","12","22","395","DIN 2630 (Antigua)","EN-1092-1 TIPO 11","BRIDA DE CUELLO EN-1092-1 TIPO 11 PN6"]
["DE CUELLO","350","PN6","","490","355.6","22","","12","22","445","DIN 2630 (Antigua)","EN-1092-1 TIPO 11","BRIDA DE CUELLO EN-1092-1 TIPO 11 PN6"]
["DE CUELLO","400","PN6","","540","406.4","22","","16","22","495","DIN 2630 (Antigua)","EN-1092-1 TIPO 11","BRIDA DE CUELLO EN-1092-1 TIPO 11 PN6"]
["DE CUELLO","450","PN6","","595","457","22","","16","22","550","DIN 2630 (Antigua)","EN-1092-1 TIPO 11","BRIDA DE CUELLO EN-1092-1 TIPO 11 PN6"]
["DE CUELLO","500","PN6","","645","508","24","","20","22","600","DIN 2630 (Antigua)","EN-1092-1 TIPO 11","BRIDA DE CUELLO EN-1092-1 TIPO 11 PN6"]
["DE CUELLO","600","PN6","","755","610","30","","20","26","705","DIN 2630 (Antigua)","EN-1092-1 TIPO 11","BRIDA DE CUELLO EN-1092-1 TIPO 11 PN6"]
["DE CUELLO","700","PN6","","860","711","30","","24","26","810","DIN 2630 (Antigua)","EN-1092-1 TIPO 11","BRIDA DE CUELLO EN-1092-1 TIPO 11 PN6"]
["DE CUELLO","800","PN6","","975","813","30","","24","30","920","DIN 2630 (Antigua)","EN-1092-1 TIPO 11","BRIDA DE CUELLO EN-1092-1 TIPO 11 PN6"]
["DE CUELLO","900","PN6","","1075","914","34","","24","30","1020","DIN 2630 (Antigua)","EN-1092-1 TIPO 11","BRIDA DE CUELLO EN-1092-1 TIPO 11 PN6"]
["DE CUELLO","1000","PN6","","1175","1016","38","","28","30","1120","DIN 2630 (Antigua)","EN-1092-1 TIPO 11","BRIDA DE CUELLO EN-1092-1 TIPO 11 PN6"]
["DE CUELLO","1200","PN6","","1405","1219","42","","32","33","1340","DIN 2630 (Antigua)","EN-1092-1 TIPO 11","BRIDA DE CUELLO EN-1092-1 TIPO 11 PN6"]
["DE CUELLO","1400","PN6","","1630","1422","56","","36","36","1560","DIN 2630 (Antigua)","EN-1092-1 TIPO 11","BRIDA DE CUELLO EN-1092-1 TIPO 11 PN6"]
["DE CUELLO","1600","PN6","","1830","1626","63","","40","36","1760","DIN 2630 (Antigua)","EN-1092-1 TIPO 11","BRIDA DE CUELLO EN-1092-1 TIPO 11 PN6"]
["DE CUELLO","1800","PN6","","2045","1829","69","","44","39","1970","DIN 2630 (Antigua)","EN-1092-1 TIPO 11","BRIDA DE CUELLO EN-1092-1 TIPO 11 PN6"]
["DE CUELLO","2000","PN6","","2265","2032","74","","48","42","2180","DIN 2630 (Antigua)","EN-1092-1 TIPO 11","BRIDA DE CUELLO EN-1092-1 TIPO 11 PN6"]
["DE CUELLO","2200","PN6","","2475","2235","81","","52","42","2390","DIN 2630 (Antigua)","EN-1092-1 TIPO 11","BRIDA DE CUELLO EN-1092-1 TIPO 11 PN6"]
["DE CUELLO","2400","PN6","","2685","2438","87","","56","42","2600","DIN 2630 (Antigua)","EN-1092-1 TIPO 11","BRIDA DE CUELLO EN-1092-1 TIPO 11 PN6"]
["DE CUELLO","2600","PN6","","2905","2620","91","","60","48","2710","DIN 2630 (Antigua)","EN-1092-1 TIPO 11","BRIDA DE CUELLO EN-1092-1 TIPO 11 PN6"]
["DE CUELLO","2800","PN6","","3115","2820","101","","64","48","3020","DIN 2630 (Antigua)","EN-1092-1 TIPO 11","BRIDA DE CUELLO EN-1092-1 TIPO 11 PN6"]
["DE CUELLO","3000","PN6","","3315","3020","102","","68","48","3220","DIN 2630 (Antigua)","EN-1092-1 TIPO 11","BRIDA DE CUELLO EN-1092-1 TIPO 11 PN6"]
["DE CUELLO","3200","PN6","","3525","3220","106","","72","48","3430","DIN 2630 (Antigua)","EN-1092-1 TIPO 11","BRIDA DE CUELLO EN-1092-1 TIPO 11 PN6"]
["DE CUELLO","3400","PN6","","3735","3420","110","","76","48","3640","DIN 2630 (Antigua)","EN-1092-1 TIPO 11","BRIDA DE CUELLO EN-1092-1 TIPO 11 PN6"]
["DE CUELLO","3600","PN6","","3970","3620","124","","80","56","3860","DIN 2630 (Antigua)","EN-1092-1 TIPO 11","BRIDA DE CUELLO EN-1092-1 TIPO 11 PN6"]
["DE CUELLO","10","PN10","","90","17.2","16","","4","14","60","DIN 2631 (Antigua)","EN-1092-1 TIPO 11","BRIDA DE CUELLO EN-1092-1 TIPO 11 PN10"]
["DE CUELLO","15","PN10","","95","21.3","16","","4","14","65","DIN 2631 (Antigua)","EN-1092-1 TIPO 11","BRIDA DE CUELLO EN-1092-1 TIPO 11 PN10"]
["DE CUELLO","20","PN10","","105","26.9","18","","4","14","75","DIN 2631 (Antigua)","EN-1092-1 TIPO 11","BRIDA DE CUELLO EN-1092-1 TIPO 11 PN10"]
["DE CUELLO","25","PN10","","115","33.7","18","","4","14","85","DIN 2631 (Antigua)","EN-1092-1 TIPO 11","BRIDA DE CUELLO EN-1092-1 TIPO 11 PN10"]
["DE CUELLO","32","PN10","","140","42.4","18","","4","18","100","DIN 2631 (Antigua)","EN-1092-1 TIPO 11","BRIDA DE CUELLO EN-1092-1 TIPO 11 PN10"]
["DE CUELLO","40","PN10","","150","48.3","18","","4","18","110","DIN 2631 (Antigua)","EN-1092-1 TIPO 11","BRIDA DE CUELLO EN-1092-1 TIPO 11 PN10"]
["DE CUELLO","50","PN10","","165","60.3","18","","4","18","125","DIN 2631 (Antigua)","EN-1092-1 TIPO 11","BRIDA DE CUELLO EN-1092-1 TIPO 11 PN10"]
["DE CUELLO","65","PN10","","185","76.1","18","","8","18","145","DIN 2631 (Antigua)","EN-1092-1 TIPO 11","BRIDA DE CUELLO EN-1092-1 TIPO 11 PN10"]
["DE CUELLO","80","PN10","","200","88.9","20","","8","18","160","DIN 2631 (Antigua)","EN-1092-1 TIPO 11","BRIDA DE CUELLO EN-1092-1 TIPO 11 PN10"]
["DE CUELLO","100","PN10","","220","114.3","20","","8","18","180","DIN 2631 (Antigua)","EN-1092-1 TIPO 11","BRIDA DE CUELLO EN-1092-1 TIPO 11 PN10"]
["DE CUELLO","125","PN10","","250","139.7","22","","8","18","210","DIN 2631 (Antigua)","EN-1092-1 TIPO 11","BRIDA DE CUELLO EN-1092-1 TIPO 11 PN10"]
["DE CUELLO","150","PN10","","285","168.3","22","","8","22","240","DIN 2631 (Antigua)","EN-1092-1 TIPO 11","BRIDA DE CUELLO EN-1092-1 TIPO 11 PN10"]
["DE CUELLO","200","PN10","","340","219.1","24","","8","22","295","DIN 2631 (Antigua)","EN-1092-1 TIPO 11","BRIDA DE CUELLO EN-1092-1 TIPO 11 PN10"]
["DE CUELLO","250","PN10","","395","273","26","","12","22","350","DIN 2631 (Antigua)","EN-1092-1 TIPO 11","BRIDA DE CUELLO EN-1092-1 TIPO 11 PN10"]
["DE CUELLO","300","PN10","","445","323.9","26","","12","22","400","DIN 2631 (Antigua)","EN-1092-1 TIPO 11","BRIDA DE CUELLO EN-1092-1 TIPO 11 PN10"]
["DE CUELLO","350","PN10","","505","335.6","26","","16","22","460","DIN 2631 (Antigua)","EN-1092-1 TIPO 11","BRIDA DE CUELLO EN-1092-1 TIPO 11 PN10"]
["DE CUELLO","400","PN10","","565","406.4","26","","16","26","515","DIN 2631 (Antigua)","EN-1092-1 TIPO 11","BRIDA DE CUELLO EN-1092-1 TIPO 11 PN10"]
["DE CUELLO","450","PN10","","615","457","28","","20","26","565","DIN 2631 (Antigua)","EN-1092-1 TIPO 11","BRIDA DE CUELLO EN-1092-1 TIPO 11 PN10"]
["DE CUELLO","500","PN10","","670","508","28","","20","26","620","DIN 2631 (Antigua)","EN-1092-1 TIPO 11","BRIDA DE CUELLO EN-1092-1 TIPO 11 PN10"]
["DE CUELLO","600","PN10","","780","610","30","","20","30","725","DIN 2631 (Antigua)","EN-1092-1 TIPO 11","BRIDA DE CUELLO EN-1092-1 TIPO 11 PN10"]
["DE CUELLO","700","PN10","","895","711.1","35","","24","30","840","DIN 2631 (Antigua)","EN-1092-1 TIPO 11","BRIDA DE CUELLO EN-1092-1 TIPO 11 PN10"]
["DE CUELLO","800","PN10","","1015","813","38","","24","33","950","DIN 2631 (Antigua)","EN-1092-1 TIPO 11","BRIDA DE CUELLO EN-1092-1 TIPO 11 PN10"]
["DE CUELLO","900","PN10","","1115","914","38","","28","33","1050","DIN 2631 (Antigua)","EN-1092-1 TIPO 11","BRIDA DE CUELLO EN-1092-1 TIPO 11 PN10"]
["DE CUELLO","1000","PN10","","1230","1016","44","","28","36","1160","DIN 2631 (Antigua)","EN-1092-1 TIPO 11","BRIDA DE CUELLO EN-1092-1 TIPO 11 PN10"]
["DE CUELLO","1200","PN10","","1455","1219","55","","32","39","1380","DIN 2631 (Antigua)","EN-1092-1 TIPO 11","BRIDA DE CUELLO EN-1092-1 TIPO 11 PN10"]
["DE CUELLO","1400","PN10","","1675","1422","65","","36","42","1590","DIN 2631 (Antigua)","EN-1092-1 TIPO 11","BRIDA DE CUELLO EN-1092-1 TIPO 11 PN10"]
["DE CUELLO","1600","PN10","","1915","1626","75","","40","48","1820","DIN 2631 (Antigua)","EN-1092-1 TIPO 11","BRIDA DE CUELLO EN-1092-1 TIPO 11 PN10"]
["DE CUELLO","1800","PN10","","2115","1829","85","","44","48","2020","DIN 2631 (Antigua)","EN-1092-1 TIPO 11","BRIDA DE CUELLO EN-1092-1 TIPO 11 PN10"]
["DE CUELLO","2000","PN10","","2325","2032","90","","48","48","2230","DIN 2631 (Antigua)","EN-1092-1 TIPO 11","BRIDA DE CUELLO EN-1092-1 TIPO 11 PN10"]
["DE CUELLO","2200","PN10","","2550","2235","100","","52","56","2440","DIN 2631 (Antigua)","EN-1092-1 TIPO 11","BRIDA DE CUELLO EN-1092-1 TIPO 11 PN10"]
["DE CUELLO","2400","PN10","","2760","2438","110","","56","56","2650","DIN 2631 (Antigua)","EN-1092-1 TIPO 11","BRIDA DE CUELLO EN-1092-1 TIPO 11 PN10"]
["DE CUELLO","2600","PN10","","2960","2620","110","","60","56","2850","DIN 2631 (Antigua)","EN-1092-1 TIPO 11","BRIDA DE CUELLO EN-1092-1 TIPO 11 PN10"]
["DE CUELLO","2800","PN10","","3180","2820","124","","64","56","3070","DIN 2631 (Antigua)","EN-1092-1 TIPO 11","BRIDA DE CUELLO EN-1092-1 TIPO 11 PN10"]
["DE CUELLO","3000","PN10","","3405","3020","132","","68","62","3290","DIN 2631 (Antigua)","EN-1092-1 TIPO 11","BRIDA DE CUELLO EN-1092-1 TIPO 11 PN10"]
["DE CUELLO","10","PN16","","90","17.2","16","","4","14","60","DIN 2632 (Antigua)","EN-1092-1 TIPO 11","BRIDA DE CUELLO EN-1092-1 TIPO 11 PN16"]
["DE CUELLO","15","PN16","","95","21.3","16","","4","14","65","DIN 2632 (Antigua)","EN-1092-1 TIPO 11","BRIDA DE CUELLO EN-1092-1 TIPO 11 PN16"]
["DE CUELLO","20","PN16","","105","26.9","18","","4","14","75","DIN 2632 (Antigua)","EN-1092-1 TIPO 11","BRIDA DE CUELLO EN-1092-1 TIPO 11 PN16"]
["DE CUELLO","25","PN16","","115","33.7","18","","4","14","85","DIN 2632 (Antigua)","EN-1092-1 TIPO 11","BRIDA DE CUELLO EN-1092-1 TIPO 11 PN16"]
["DE CUELLO","32","PN16","","140","42.4","18","","4","18","100","DIN 2632 (Antigua)","EN-1092-1 TIPO 11","BRIDA DE CUELLO EN-1092-1 TIPO 11 PN16"]
["DE CUELLO","40","PN16","","150","48.3","18","","4","18","110","DIN 2632 (Antigua)","EN-1092-1 TIPO 11","BRIDA DE CUELLO EN-1092-1 TIPO 11 PN16"]
["DE CUELLO","50","PN16","","165","60.3","18","","4","18","125","DIN 2632 (Antigua)","EN-1092-1 TIPO 11","BRIDA DE CUELLO EN-1092-1 TIPO 11 PN16"]
["DE CUELLO","65","PN16","","185","76.1","18","","8","18","145","DIN 2632 (Antigua)","EN-1092-1 TIPO 11","BRIDA DE CUELLO EN-1092-1 TIPO 11 PN16"]
["DE CUELLO","80","PN16","","200","88.9","20","","8","18","160","DIN 2632 (Antigua)","EN-1092-1 TIPO 11","BRIDA DE CUELLO EN-1092-1 TIPO 11 PN16"]
["DE CUELLO","100","PN16","","220","114.3","20","","8","18","180","DIN 2632 (Antigua)","EN-1092-1 TIPO 11","BRIDA DE CUELLO EN-1092-1 TIPO 11 PN16"]
["DE CUELLO","125","PN16","","250","139.7","22","","8","18","210","DIN 2632 (Antigua)","EN-1092-1 TIPO 11","BRIDA DE CUELLO EN-1092-1 TIPO 11 PN16"]
["DE CUELLO","150","PN16","","285","168.3","22","","8","22","240","DIN 2632 (Antigua)","EN-1092-1 TIPO 11","BRIDA DE CUELLO EN-1092-1 TIPO 11 PN16"]
["DE CUELLO","200","PN16","","340","219.1","24","","12","22","295","DIN 2632 (Antigua)","EN-1092-1 TIPO 11","BRIDA DE CUELLO EN-1092-1 TIPO 11 PN16"]
["DE CUELLO","250","PN16","","405","273","26","","12","26","355","DIN 2632 (Antigua)","EN-1092-1 TIPO 11","BRIDA DE CUELLO EN-1092-1 TIPO 11 PN16"]
["DE CUELLO","300","PN16","","460","323.9","28","","12","26","410","DIN 2632 (Antigua)","EN-1092-1 TIPO 11","BRIDA DE CUELLO EN-1092-1 TIPO 11 PN16"]
["DE CUELLO","350","PN16","","520","355.6","30","","16","26","470","DIN 2632 (Antigua)","EN-1092-1 TIPO 11","BRIDA DE CUELLO EN-1092-1 TIPO 11 PN16"]
["DE CUELLO","400","PN16","","580","406.4","32","","16","30","525","DIN 2632 (Antigua)","EN-1092-1 TIPO 11","BRIDA DE CUELLO EN-1092-1 TIPO 11 PN16"]
["DE CUELLO","450","PN16","","640","457","34","","20","30","585","DIN 2632 (Antigua)","EN-1092-1 TIPO 11","BRIDA DE CUELLO EN-1092-1 TIPO 11 PN16"]
["DE CUELLO","500","PN16","","715","508","36","","20","33","650","DIN 2632 (Antigua)","EN-1092-1 TIPO 11","BRIDA DE CUELLO EN-1092-1 TIPO 11 PN16"]
["DE CUELLO","600","PN16","","840","610","40","","20","36","770","DIN 2632 (Antigua)","EN-1092-1 TIPO 11","BRIDA DE CUELLO EN-1092-1 TIPO 11 PN16"]
["DE CUELLO","700","PN16","","910","711.1","40","","24","36","840","DIN 2632 (Antigua)","EN-1092-1 TIPO 11","BRIDA DE CUELLO EN-1092-1 TIPO 11 PN16"]
["DE CUELLO","800","PN16","","1025","813","41","","24","39","950","DIN 2632 (Antigua)","EN-1092-1 TIPO 11","BRIDA DE CUELLO EN-1092-1 TIPO 11 PN16"]
["DE CUELLO","900","PN16","","1125","914","48","","28","39","1050","DIN 2632 (Antigua)","EN-1092-1 TIPO 11","BRIDA DE CUELLO EN-1092-1 TIPO 11 PN16"]
["DE CUELLO","1000","PN16","","1255","1016","59","","28","42","1170","DIN 2632 (Antigua)","EN-1092-1 TIPO 11","BRIDA DE CUELLO EN-1092-1 TIPO 11 PN16"]
["DE CUELLO","1200","PN16","","1485","1219","78","","32","48","1390","DIN 2632 (Antigua)","EN-1092-1 TIPO 11","BRIDA DE CUELLO EN-1092-1 TIPO 11 PN16"]
["DE CUELLO","1400","PN16","","1685","1422","84","","36","48","1590","DIN 2632 (Antigua)","EN-1092-1 TIPO 11","BRIDA DE CUELLO EN-1092-1 TIPO 11 PN16"]
["DE CUELLO","1600","PN16","","1930","1626","102","","40","56","1820","DIN 2632 (Antigua)","EN-1092-1 TIPO 11","BRIDA DE CUELLO EN-1092-1 TIPO 11 PN16"]
["DE CUELLO","1800","PN16","","2130","1829","110","","44","56","2020","DIN 2632 (Antigua)","EN-1092-1 TIPO 11","BRIDA DE CUELLO EN-1092-1 TIPO 11 PN16"]
["DE CUELLO","2000","PN16","","2345","2032","124","","48","62","2230","DIN 2632 (Antigua)","EN-1092-1 TIPO 11","BRIDA DE CUELLO EN-1092-1 TIPO 11 PN16"]
["DE CUELLO","10","PN25","","90","17.2","16","","4","14","60","DIN 2633 (Antigua)","EN-1092-1 TIPO 11","BRIDA DE CUELLO EN-1092-1 TIPO 11 PN25"]
["DE CUELLO","15","PN25","","95","21.3","16","","4","14","65","DIN 2633 (Antigua)","EN-1092-1 TIPO 11","BRIDA DE CUELLO EN-1092-1 TIPO 11 PN25"]
["DE CUELLO","20","PN25","","105","26.9","18","","4","14","75","DIN 2633 (Antigua)","EN-1092-1 TIPO 11","BRIDA DE CUELLO EN-1092-1 TIPO 11 PN25"]
["DE CUELLO","25","PN25","","115","33.7","18","","4","14","85","DIN 2633 (Antigua)","EN-1092-1 TIPO 11","BRIDA DE CUELLO EN-1092-1 TIPO 11 PN25"]
["DE CUELLO","32","PN25","","140","42.4","18","","4","18","100","DIN 2633 (Antigua)","EN-1092-1 TIPO 11","BRIDA DE CUELLO EN-1092-1 TIPO 11 PN25"]
["DE CUELLO","40","PN25","","150","48.3","18","","4","18","110","DIN 2633 (Antigua)","EN-1092-1 TIPO 11","BRIDA DE CUELLO EN-1092-1 TIPO 11 PN25"]
["DE CUELLO","50","PN25","","165","60.3","20","","4","18","125","DIN 2633 (Antigua)","EN-1092-1 TIPO 11","BRIDA DE CUELLO EN-1092-1 TIPO 11 PN25"]
["DE CUELLO","65","PN25","","185","76.1","22","","8","18","145","DIN 2633 (Antigua)","EN-1092-1 TIPO 11","BRIDA DE CUELLO EN-1092-1 TIPO 11 PN25"]
["DE CUELLO","80","PN25","","200","88.9","24","","8","18","160","DIN 2633 (Antigua)","EN-1092-1 TIPO 11","BRIDA DE CUELLO EN-1092-1 TIPO 11 PN25"]
["DE CUELLO","100","PN25","","235","114.3","24","","8","22","190","DIN 2633 (Antigua)","EN-1092-1 TIPO 11","BRIDA DE CUELLO EN-1092-1 TIPO 11 PN25"]
["DE CUELLO","125","PN25","","270","139.7","26","","8","26","220","DIN 2633 (Antigua)","EN-1092-1 TIPO 11","BRIDA DE CUELLO EN-1092-1 TIPO 11 PN25"]
["DE CUELLO","150","PN25","","300","168.3","28","","8","26","250","DIN 2633 (Antigua)","EN-1092-1 TIPO 11","BRIDA DE CUELLO EN-1092-1 TIPO 11 PN25"]
["DE CUELLO","200","PN25","","360","219.1","30","","12","26","310","DIN 2633 (Antigua)","EN-1092-1 TIPO 11","BRIDA DE CUELLO EN-1092-1 TIPO 11 PN25"]
["DE CUELLO","250","PN25","","425","273.5","32","","12","30","370","DIN 2633 (Antigua)","EN-1092-1 TIPO 11","BRIDA DE CUELLO EN-1092-1 TIPO 11 PN25"]
["DE CUELLO","300","PN25","","485","323.9","34","","16","30","430","DIN 2633 (Antigua)","EN-1092-1 TIPO 11","BRIDA DE CUELLO EN-1092-1 TIPO 11 PN25"]
["DE CUELLO","350","PN25","","555","355.6","38","","16","33","490","DIN 2633 (Antigua)","EN-1092-1 TIPO 11","BRIDA DE CUELLO EN-1092-1 TIPO 11 PN25"]
["DE CUELLO","400","PN25","","620","406.4","40","","16","36","550","DIN 2633 (Antigua)","EN-1092-1 TIPO 11","BRIDA DE CUELLO EN-1092-1 TIPO 11 PN25"]
["DE CUELLO","450","PN25","","670","457","46","","20","36","600","DIN 2633 (Antigua)","EN-1092-1 TIPO 11","BRIDA DE CUELLO EN-1092-1 TIPO 11 PN25"]
["DE CUELLO","500","PN25","","730","508","48","","20","36","660","DIN 2633 (Antigua)","EN-1092-1 TIPO 11","BRIDA DE CUELLO EN-1092-1 TIPO 11 PN25"]
["DE CUELLO","600","PN25","","845","610","48","","20","39","770","DIN 2633 (Antigua)","EN-1092-1 TIPO 11","BRIDA DE CUELLO EN-1092-1 TIPO 11 PN25"]
["DE CUELLO","700","PN25","","960","711","50","","24","42","875","DIN 2633 (Antigua)","EN-1092-1 TIPO 11","BRIDA DE CUELLO EN-1092-1 TIPO 11 PN25"]
["DE CUELLO","800","PN25","","1085","813","53","","24","48","990","DIN 2633 (Antigua)","EN-1092-1 TIPO 11","BRIDA DE CUELLO EN-1092-1 TIPO 11 PN25"]
["DE CUELLO","900","PN25","","1158","914","57","","28","48","1090","DIN 2633 (Antigua)","EN-1092-1 TIPO 11","BRIDA DE CUELLO EN-1092-1 TIPO 11 PN25"]
["DE CUELLO","1000","PN25","","1320","1016","63","","28","56","1210","DIN 2633 (Antigua)","EN-1092-1 TIPO 11","BRIDA DE CUELLO EN-1092-1 TIPO 11 PN25"]
["DE CUELLO","1200","PN25","","1530","1219","","","32","56","1420","DIN 2633 (Antigua)","EN-1092-1 TIPO 11","BRIDA DE CUELLO EN-1092-1 TIPO 11 PN25"]
["DE CUELLO","1400","PN25","","1755","1422","","","36","62","1640","DIN 2633 (Antigua)","EN-1092-1 TIPO 11","BRIDA DE CUELLO EN-1092-1 TIPO 11 PN25"]
["DE CUELLO","1600","PN25","","1975","1626","","","40","62","1860","DIN 2633 (Antigua)","EN-1092-1 TIPO 11","BRIDA DE CUELLO EN-1092-1 TIPO 11 PN25"]
["DE CUELLO","1800","PN25","","2195","1829","","","44","70","2070","DIN 2633 (Antigua)","EN-1092-1 TIPO 11","BRIDA DE CUELLO EN-1092-1 TIPO 11 PN25"]
["DE CUELLO","2000","PN25","","2425","2032","","","48","70","2300","DIN 2633 (Antigua)","EN-1092-1 TIPO 11","BRIDA DE CUELLO EN-1092-1 TIPO 11 PN25"]
["DE CUELLO","10","PN40","","90","17.2","16","","4","14","60","DIN 2634 (Antigua)","EN-1092-1 TIPO 11","BRIDA DE CUELLO EN-1092-1 TIPO 11 PN40"]
["DE CUELLO","15","PN40","","95","21.3","16","","4","14","65","DIN 2634 (Antigua)","EN-1092-1 TIPO 11","BRIDA DE CUELLO EN-1092-1 TIPO 11 PN40"]
["DE CUELLO","20","PN40","","105","26.9","18","","4","14","75","DIN 2634 (Antigua)","EN-1092-1 TIPO 11","BRIDA DE CUELLO EN-1092-1 TIPO 11 PN40"]
["DE CUELLO","25","PN40","","115","33.7","18","","4","14","85","DIN 2634 (Antigua)","EN-1092-1 TIPO 11","BRIDA DE CUELLO EN-1092-1 TIPO 11 PN40"]
["DE CUELLO","32","PN40","","140","42.4","18","","4","18","100","DIN 2634 (Antigua)","EN-1092-1 TIPO 11","BRIDA DE CUELLO EN-1092-1 TIPO 11 PN40"]
["DE CUELLO","40","PN40","","150","48.3","18","","4","18","110","DIN 2634 (Antigua)","EN-1092-1 TIPO 11","BRIDA DE CUELLO EN-1092-1 TIPO 11 PN40"]
["DE CUELLO","50","PN40","","165","60.3","20","","4","18","125","DIN 2634 (Antigua)","EN-1092-1 TIPO 11","BRIDA DE CUELLO EN-1092-1 TIPO 11 PN40"]
["DE CUELLO","65","PN40","","185","76.1","22","","8","18","145","DIN 2634 (Antigua)","EN-1092-1 TIPO 11","BRIDA DE CUELLO EN-1092-1 TIPO 11 PN40"]
["DE CUELLO","80","PN40","","200","88.9","24","","8","18","160","DIN 2634 (Antigua)","EN-1092-1 TIPO 11","BRIDA DE CUELLO EN-1092-1 TIPO 11 PN40"]
["DE CUELLO","100","PN40","","235","114.3","24","","8","22","190","DIN 2634 (Antigua)","EN-1092-1 TIPO 11","BRIDA DE CUELLO EN-1092-1 TIPO 11 PN40"]
["DE CUELLO","125","PN40","","270","139.7","26","","8","26","220","DIN 2634 (Antigua)","EN-1092-1 TIPO 11","BRIDA DE CUELLO EN-1092-1 TIPO 11 PN40"]
["DE CUELLO","150","PN40","","300","168.3","28","","8","26","250","DIN 2634 (Antigua)","EN-1092-1 TIPO 11","BRIDA DE CUELLO EN-1092-1 TIPO 11 PN40"]
["DE CUELLO","200","PN40","","375","219.1","34","","12","30","320","DIN 2634 (Antigua)","EN-1092-1 TIPO 11","BRIDA DE CUELLO EN-1092-1 TIPO 11 PN40"]
["DE CUELLO","250","PN40","","450","273","38","","12","33","385","DIN 2634 (Antigua)","EN-1092-1 TIPO 11","BRIDA DE CUELLO EN-1092-1 TIPO 11 PN40"]
["DE CUELLO","300","PN40","","515","323.9","42","","16","33","450","DIN 2634 (Antigua)","EN-1092-1 TIPO 11","BRIDA DE CUELLO EN-1092-1 TIPO 11 PN40"]
["DE CUELLO","350","PN40","","580","355.6","46","","16","36","510","DIN 2634 (Antigua)","EN-1092-1 TIPO 11","BRIDA DE CUELLO EN-1092-1 TIPO 11 PN40"]
["DE CUELLO","400","PN40","","660","406.4","50","","16","39","585","DIN 2634 (Antigua)","EN-1092-1 TIPO 11","BRIDA DE CUELLO EN-1092-1 TIPO 11 PN40"]
["DE CUELLO","450","PN40","","685","457","57","","20","39","610","DIN 2634 (Antigua)","EN-1092-1 TIPO 11","BRIDA DE CUELLO EN-1092-1 TIPO 11 PN40"]
["DE CUELLO","500","PN40","","755","508","57","","20","42","670","DIN 2634 (Antigua)","EN-1092-1 TIPO 11","BRIDA DE CUELLO EN-1092-1 TIPO 11 PN40"]
["DE CUELLO","600","PN40","","890","610","72","","20","48","795","DIN 2634 (Antigua)","EN-1092-1 TIPO 11","BRIDA DE CUELLO EN-1092-1 TIPO 11 PN40"]
["DE CUELLO","700","PN40","","995","","","","24","48","900","DIN 2634 (Antigua)","EN-1092-1 TIPO 11","BRIDA DE CUELLO EN-1092-1 TIPO 11 PN40"]
["DE CUELLO","800","PN40","","1140","","","","24","56","1030","DIN 2634 (Antigua)","EN-1092-1 TIPO 11","BRIDA DE CUELLO EN-1092-1 TIPO 11 PN40"]
["DE CUELLO","900","PN40","","1250","","","","28","56","1140","DIN 2634 (Antigua)","EN-1092-1 TIPO 11","BRIDA DE CUELLO EN-1092-1 TIPO 11 PN40"]
["DE CUELLO","1000","PN40","","1360","","","","28","56","1250","DIN 2634 (Antigua)","EN-1092-1 TIPO 11","BRIDA DE CUELLO EN-1092-1 TIPO 11 PN40"]
["DE CUELLO","1200","PN40","","1575","","","","32","62","1460","DIN 2634 (Antigua)","EN-1092-1 TIPO 11","BRIDA DE CUELLO EN-1092-1 TIPO 11 PN40"]
["DE CUELLO","1400","PN40","","1795","","","","36","62","1680","DIN 2634 (Antigua)","EN-1092-1 TIPO 11","BRIDA DE CUELLO EN-1092-1 TIPO 11 PN40"]
["DE CUELLO","1600","PN40","","2025","","","","40","70","1900","DIN 2634 (Antigua)","EN-1092-1 TIPO 11","BRIDA DE CUELLO EN-1092-1 TIPO 11 PN40"]
["DE CUELLO","10","PN63","","100","17.2","20","","4","14","70","DIN 2635 (Antigua)","EN-1092-1 TIPO 11","BRIDA DE CUELLO EN-1092-1 TIPO 11 PN63"]
["DE CUELLO","15","PN63","","105","21.3","20","","4","14","75","DIN 2635 (Antigua)","EN-1092-1 TIPO 11","BRIDA DE CUELLO EN-1092-1 TIPO 11 PN63"]
["DE CUELLO","20","PN63","","130","26.9","22","","4","18","90","DIN 2635 (Antigua)","EN-1092-1 TIPO 11","BRIDA DE CUELLO EN-1092-1 TIPO 11 PN63"]
["DE CUELLO","25","PN63","","140","33.7","24","","4","18","100","DIN 2635 (Antigua)","EN-1092-1 TIPO 11","BRIDA DE CUELLO EN-1092-1 TIPO 11 PN63"]
["DE CUELLO","32","PN63","","155","42.4","24","","4","22","110","DIN 2635 (Antigua)","EN-1092-1 TIPO 11","BRIDA DE CUELLO EN-1092-1 TIPO 11 PN63"]
["DE CUELLO","40","PN63","","170","48.3","26","","4","22","125","DIN 2635 (Antigua)","EN-1092-1 TIPO 11","BRIDA DE CUELLO EN-1092-1 TIPO 11 PN63"]
["DE CUELLO","50","PN63","","180","60.3","26","","4","22","135","DIN 2635 (Antigua)","EN-1092-1 TIPO 11","BRIDA DE CUELLO EN-1092-1 TIPO 11 PN63"]
["DE CUELLO","65","PN63","","205","76.1","26","","8","22","160","DIN 2635 (Antigua)","EN-1092-1 TIPO 11","BRIDA DE CUELLO EN-1092-1 TIPO 11 PN63"]
["DE CUELLO","80","PN63","","215","88.9","28","","8","22","170","DIN 2635 (Antigua)","EN-1092-1 TIPO 11","BRIDA DE CUELLO EN-1092-1 TIPO 11 PN63"]
["DE CUELLO","100","PN63","","250","114.3","30","","8","26","200","DIN 2635 (Antigua)","EN-1092-1 TIPO 11","BRIDA DE CUELLO EN-1092-1 TIPO 11 PN63"]
["DE CUELLO","125","PN63","","295","139.7","34","","8","30","240","DIN 2635 (Antigua)","EN-1092-1 TIPO 11","BRIDA DE CUELLO EN-1092-1 TIPO 11 PN63"]
["DE CUELLO","150","PN63","","345","168.3","36","","8","33","280","DIN 2635 (Antigua)","EN-1092-1 TIPO 11","BRIDA DE CUELLO EN-1092-1 TIPO 11 PN63"]
["DE CUELLO","200","PN63","","415","219.1","42","","12","36","345","DIN 2635 (Antigua)","EN-1092-1 TIPO 11","BRIDA DE CUELLO EN-1092-1 TIPO 11 PN63"]
["DE CUELLO","250","PN63","","470","273","46","","12","36","400","DIN 2635 (Antigua)","EN-1092-1 TIPO 11","BRIDA DE CUELLO EN-1092-1 TIPO 11 PN63"]
["DE CUELLO","300","PN63","","530","323.9","52","","16","36","460","DIN 2635 (Antigua)","EN-1092-1 TIPO 11","BRIDA DE CUELLO EN-1092-1 TIPO 11 PN63"]
["DE CUELLO","350","PN63","","600","355.6","56","","16","39","525","DIN 2635 (Antigua)","EN-1092-1 TIPO 11","BRIDA DE CUELLO EN-1092-1 TIPO 11 PN63"]
["DE CUELLO","400","PN63","","670","406.4","60","","16","42","585","DIN 2635 (Antigua)","EN-1092-1 TIPO 11","BRIDA DE CUELLO EN-1092-1 TIPO 11 PN63"]
["DE CUELLO","500","PN63","","800","","","","20","48","705","DIN 2635 (Antigua)","EN-1092-1 TIPO 11","BRIDA DE CUELLO EN-1092-1 TIPO 11 PN63"]
["DE CUELLO","600","PN63","","930","","","","20","56","820","DIN 2635 (Antigua)","EN-1092-1 TIPO 11","BRIDA DE CUELLO EN-1092-1 TIPO 11 PN63"]
["DE CUELLO","700","PN63","","1045","","","","24","56","935","DIN 2635 (Antigua)","EN-1092-1 TIPO 11","BRIDA DE CUELLO EN-1092-1 TIPO 11 PN63"]
["DE CUELLO","800","PN63","","1165","","","","24","62","1050","DIN 2635 (Antigua)","EN-1092-1 TIPO 11","BRIDA DE CUELLO EN-1092-1 TIPO 11 PN63"]
["DE CUELLO","900","PN63","","1285","","","","28","62","1170","DIN 2635 (Antigua)","EN-1092-1 TIPO 11","BRIDA DE CUELLO EN-1092-1 TIPO 11 PN63"]
["DE CUELLO","1000","PN63","","1415","","","","28","70","1290","DIN 2635 (Antigua)","EN-1092-1 TIPO 11","BRIDA DE CUELLO EN-1092-1 TIPO 11 PN63"]
["DE CUELLO","1200","PN63","","1665","","","","32","78","1530","DIN 2635 (Antigua)","EN-1092-1 TIPO 11","BRIDA DE CUELLO EN-1092-1 TIPO 11 PN63"]
["DE CUELLO","10","PN100","","100","17.2","20","","4","14","70","DIN 2636 (Antigua)","EN-1092-1 TIPO 11","BRIDA DE CUELLO EN-1092-1 TIPO 11 PN100"]
["DE CUELLO","15","PN100","","105","21.3","20","","4","14","75","DIN 2636 (Antigua)","EN-1092-1 TIPO 11","BRIDA DE CUELLO EN-1092-1 TIPO 11 PN100"]
["DE CUELLO","20","PN100","","130","26.9","22","","4","18","90","DIN 2636 (Antigua)","EN-1092-1 TIPO 11","BRIDA DE CUELLO EN-1092-1 TIPO 11 PN100"]
["DE CUELLO","25","PN100","","140","33.7","24","","4","18","100","DIN 2636 (Antigua)","EN-1092-1 TIPO 11","BRIDA DE CUELLO EN-1092-1 TIPO 11 PN100"]
["DE CUELLO","32","PN100","","155","42.4","24","","4","22","110","DIN 2636 (Antigua)","EN-1092-1 TIPO 11","BRIDA DE CUELLO EN-1092-1 TIPO 11 PN100"]
["DE CUELLO","40","PN100","","170","48.3","26","","4","22","125","DIN 2636 (Antigua)","EN-1092-1 TIPO 11","BRIDA DE CUELLO EN-1092-1 TIPO 11 PN100"]
["DE CUELLO","50","PN100","","195","60.3","28","","4","26","145","DIN 2636 (Antigua)","EN-1092-1 TIPO 11","BRIDA DE CUELLO EN-1092-1 TIPO 11 PN100"]
["DE CUELLO","65","PN100","","220","76.1","30","","8","26","170","DIN 2636 (Antigua)","EN-1092-1 TIPO 11","BRIDA DE CUELLO EN-1092-1 TIPO 11 PN100"]
["DE CUELLO","80","PN100","","230","88.9","32","","8","26","180","DIN 2636 (Antigua)","EN-1092-1 TIPO 11","BRIDA DE CUELLO EN-1092-1 TIPO 11 PN100"]
["DE CUELLO","100","PN100","","265","114.3","36","","8","30","210","DIN 2636 (Antigua)","EN-1092-1 TIPO 11","BRIDA DE CUELLO EN-1092-1 TIPO 11 PN100"]
["DE CUELLO","125","PN100","","315","139.7","40","","8","33","250","DIN 2636 (Antigua)","EN-1092-1 TIPO 11","BRIDA DE CUELLO EN-1092-1 TIPO 11 PN100"]
["DE CUELLO","150","PN100","","355","168.3","44","","12","33","290","DIN 2636 (Antigua)","EN-1092-1 TIPO 11","BRIDA DE CUELLO EN-1092-1 TIPO 11 PN100"]
["DE CUELLO","200","PN100","","430","219.1","52","","12","36","360","DIN 2636 (Antigua)","EN-1092-1 TIPO 11","BRIDA DE CUELLO EN-1092-1 TIPO 11 PN100"]
["DE CUELLO","250","PN100","","505","273","60","","12","39","430","DIN 2636 (Antigua)","EN-1092-1 TIPO 11","BRIDA DE CUELLO EN-1092-1 TIPO 11 PN100"]
["DE CUELLO","300","PN100","","585","323.9","68","","16","42","500","DIN 2636 (Antigua)","EN-1092-1 TIPO 11","BRIDA DE CUELLO EN-1092-1 TIPO 11 PN100"]
["DE CUELLO","350","PN100","","655","355.6","74","","16","48","560","DIN 2636 (Antigua)","EN-1092-1 TIPO 11","BRIDA DE CUELLO EN-1092-1 TIPO 11 PN100"]
["DE CUELLO","400","PN100","","715","406.4","","","16","48","620","DIN 2636 (Antigua)","EN-1092-1 TIPO 11","BRIDA DE CUELLO EN-1092-1 TIPO 11 PN100"]
["DE CUELLO","500","PN100","","870","508","","","20","56","760","DIN 2636 (Antigua)","EN-1092-1 TIPO 11","BRIDA DE CUELLO EN-1092-1 TIPO 11 PN100"]
["DE CUELLO","10","PN160","","100","17.2","20","","4","14","70","DIN 2637 (Antigua)","EN-1092-1 TIPO 11","BRIDA DE CUELLO EN-1092-1 TIPO 11 PN160"]
["DE CUELLO","15","PN160","","105","21.3","20","","4","14","75","DIN 2637 (Antigua)","EN-1092-1 TIPO 11","BRIDA DE CUELLO EN-1092-1 TIPO 11 PN160"]
["DE CUELLO","25","PN160","","140","33.7","24","","4","18","100","DIN 2637 (Antigua)","EN-1092-1 TIPO 11","BRIDA DE CUELLO EN-1092-1 TIPO 11 PN160"]
["DE CUELLO","40","PN160","","170","48.3","28","","4","22","125","DIN 2637 (Antigua)","EN-1092-1 TIPO 11","BRIDA DE CUELLO EN-1092-1 TIPO 11 PN160"]
["DE CUELLO","50","PN160","","195","60.3","30","","4","26","145","DIN 2637 (Antigua)","EN-1092-1 TIPO 11","BRIDA DE CUELLO EN-1092-1 TIPO 11 PN160"]
["DE CUELLO","65","PN160","","220","76.1","34","","8","26","170","DIN 2637 (Antigua)","EN-1092-1 TIPO 11","BRIDA DE CUELLO EN-1092-1 TIPO 11 PN160"]
["DE CUELLO","80","PN160","","230","88.9","36","","8","26","180","DIN 2637 (Antigua)","EN-1092-1 TIPO 11","BRIDA DE CUELLO EN-1092-1 TIPO 11 PN160"]
["DE CUELLO","100","PN160","","265","114.3","40","","8","30","210","DIN 2637 (Antigua)","EN-1092-1 TIPO 11","BRIDA DE CUELLO EN-1092-1 TIPO 11 PN160"]
["DE CUELLO","125","PN160","","315","139.7","44","","8","33","250","DIN 2637 (Antigua)","EN-1092-1 TIPO 11","BRIDA DE CUELLO EN-1092-1 TIPO 11 PN160"]
["DE CUELLO","150","PN160","","355","168.3","50","","12","33","290","DIN 2637 (Antigua)","EN-1092-1 TIPO 11","BRIDA DE CUELLO EN-1092-1 TIPO 11 PN160"]
["DE CUELLO","200","PN160","","430","219.1","60","","12","36","360","DIN 2637 (Antigua)","EN-1092-1 TIPO 11","BRIDA DE CUELLO EN-1092-1 TIPO 11 PN160"]
["DE CUELLO","250","PN160","","515","273","68","","12","42","430","DIN 2637 (Antigua)","EN-1092-1 TIPO 11","BRIDA DE CUELLO EN-1092-1 TIPO 11 PN160"]
["DE CUELLO","300","PN160","","585","323.9","78","","16","42","500","DIN 2637 (Antigua)","EN-1092-1 TIPO 11","BRIDA DE CUELLO EN-1092-1 TIPO 11 PN160"]
["DE CUELLO","10","PN250","","125","","","","4","18","85","DIN 2638 (Antigua)","EN-1092-1 TIPO 11","BRIDA DE CUELLO EN-1092-1 TIPO 11 PN250"]
["DE CUELLO","15","PN250","","130","21.3","26","","4","18","90","DIN 2638 (Antigua)","EN-1092-1 TIPO 11","BRIDA DE CUELLO EN-1092-1 TIPO 11 PN250"]
["DE CUELLO","25","PN250","","150","33.7","28","","4","22","105","DIN 2638 (Antigua)","EN-1092-1 TIPO 11","BRIDA DE CUELLO EN-1092-1 TIPO 11 PN250"]
["DE CUELLO","40","PN250","","185","48.3","34","","4","26","135","DIN 2638 (Antigua)","EN-1092-1 TIPO 11","BRIDA DE CUELLO EN-1092-1 TIPO 11 PN250"]
["DE CUELLO","50","PN250","","200","60.3","38","","8","26","150","DIN 2638 (Antigua)","EN-1092-1 TIPO 11","BRIDA DE CUELLO EN-1092-1 TIPO 11 PN250"]
["DE CUELLO","65","PN250","","230","76.1","42","","8","26","180","DIN 2638 (Antigua)","EN-1092-1 TIPO 11","BRIDA DE CUELLO EN-1092-1 TIPO 11 PN250"]
["DE CUELLO","80","PN250","","255","101.6","46","","8","30","200","DIN 2638 (Antigua)","EN-1092-1 TIPO 11","BRIDA DE CUELLO EN-1092-1 TIPO 11 PN250"]
["DE CUELLO","100","PN250","","300","127","54","","8","33","235","DIN 2638 (Antigua)","EN-1092-1 TIPO 11","BRIDA DE CUELLO EN-1092-1 TIPO 11 PN250"]
["DE CUELLO","125","PN250","","340","152.4","60","","12","33","275","DIN 2638 (Antigua)","EN-1092-1 TIPO 11","BRIDA DE CUELLO EN-1092-1 TIPO 11 PN250"]
["DE CUELLO","150","PN250","","390","177.8","68","","12","36","320","DIN 2638 (Antigua)","EN-1092-1 TIPO 11","BRIDA DE CUELLO EN-1092-1 TIPO 11 PN250"]
["DE CUELLO","200","PN250","","485","244.5","82","","12","42","400","DIN 2638 (Antigua)","EN-1092-1 TIPO 11","BRIDA DE CUELLO EN-1092-1 TIPO 11 PN250"]
["DE CUELLO","250","PN250","","585","298.5","100","","16","48","490","DIN 2638 (Antigua)","EN-1092-1 TIPO 11","BRIDA DE CUELLO EN-1092-1 TIPO 11 PN250"]
["DE CUELLO","300","PN250","","690","","","","16","52","590","DIN 2638 (Antigua)","EN-1092-1 TIPO 11","BRIDA DE CUELLO EN-1092-1 TIPO 11 PN250"]
["DE CUELLO","10","PN320","","125","17.2","24","","4","18","85","DIN 2628 (Antigua)","EN-1092-1 TIPO 11","BRIDA DE CUELLO EN-1092-1 TIPO 11 PN320"]
["DE CUELLO","15","PN320","","130","21.3","26","","4","18","90","DIN 2628 (Antigua)","EN-1092-1 TIPO 11","BRIDA DE CUELLO EN-1092-1 TIPO 11 PN320"]
["DE CUELLO","25","PN320","","160","33.7","34","","4","22","115","DIN 2628 (Antigua)","EN-1092-1 TIPO 11","BRIDA DE CUELLO EN-1092-1 TIPO 11 PN320"]
["DE CUELLO","40","PN320","","195","48.3","38","","4","26","145","DIN 2628 (Antigua)","EN-1092-1 TIPO 11","BRIDA DE CUELLO EN-1092-1 TIPO 11 PN320"]
["DE CUELLO","50","PN320","","210","63.5","42","","8","26","160","DIN 2628 (Antigua)","EN-1092-1 TIPO 11","BRIDA DE CUELLO EN-1092-1 TIPO 11 PN320"]
["DE CUELLO","65","PN320","","255","88.9","51","","8","30","200","DIN 2628 (Antigua)","EN-1092-1 TIPO 11","BRIDA DE CUELLO EN-1092-1 TIPO 11 PN320"]
["DE CUELLO","80","PN320","","275","101.6","55","","8","30","220","DIN 2628 (Antigua)","EN-1092-1 TIPO 11","BRIDA DE CUELLO EN-1092-1 TIPO 11 PN320"]
["DE CUELLO","100","PN320","","335","133","65","","8","36","265","DIN 2628 (Antigua)","EN-1092-1 TIPO 11","BRIDA DE CUELLO EN-1092-1 TIPO 11 PN320"]
["DE CUELLO","125","PN320","","380","168.3","75","","12","36","310","DIN 2628 (Antigua)","EN-1092-1 TIPO 11","BRIDA DE CUELLO EN-1092-1 TIPO 11 PN320"]
["DE CUELLO","150","PN320","","425","193.7","84","","12","39","350","DIN 2628 (Antigua)","EN-1092-1 TIPO 11","BRIDA DE CUELLO EN-1092-1 TIPO 11 PN320"]
["DE CUELLO","200","PN320","","525","244.5","103","","16","42","440","DIN 2628 (Antigua)","EN-1092-1 TIPO 11","BRIDA DE CUELLO EN-1092-1 TIPO 11 PN320"]
["DE CUELLO","250","PN320","","640","323.9","125","","16","52","540","DIN 2628 (Antigua)","EN-1092-1 TIPO 11","BRIDA DE CUELLO EN-1092-1 TIPO 11 PN320"]
["LOCA","10","PN10","","90","21","14","","4","14","60","DIN 2642 (Antigua)","EN-1092-1 TIPO 02","BRIDA LOCA EN-1092-1 TIPO 02 PN10"]
["LOCA","15","PN10","","95","25","14","","4","14","65","DIN 2642 (Antigua)","EN-1092-1 TIPO 02","BRIDA LOCA EN-1092-1 TIPO 02 PN10"]
["LOCA","20","PN10","","105","31","16","","4","14","75","DIN 2642 (Antigua)","EN-1092-1 TIPO 02","BRIDA LOCA EN-1092-1 TIPO 02 PN10"]
["LOCA","25","PN10","","115","38","16","","4","14","85","DIN 2642 (Antigua)","EN-1092-1 TIPO 02","BRIDA LOCA EN-1092-1 TIPO 02 PN10"]
["LOCA","32","PN10","","140","47","18","","4","18","100","DIN 2642 (Antigua)","EN-1092-1 TIPO 02","BRIDA LOCA EN-1092-1 TIPO 02 PN10"]
["LOCA","40","PN10","","150","53","18","","4","18","110","DIN 2642 (Antigua)","EN-1092-1 TIPO 02","BRIDA LOCA EN-1092-1 TIPO 02 PN10"]
["LOCA","50","PN10","","165","65","20","","4","18","125","DIN 2642 (Antigua)","EN-1092-1 TIPO 02","BRIDA LOCA EN-1092-1 TIPO 02 PN10"]
["LOCA","65","PN10","","185","81","20","","8","18","145","DIN 2642 (Antigua)","EN-1092-1 TIPO 02","BRIDA LOCA EN-1092-1 TIPO 02 PN10"]
["LOCA","80","PN10","","200","94","20","","8","18","160","DIN 2642 (Antigua)","EN-1092-1 TIPO 02","BRIDA LOCA EN-1092-1 TIPO 02 PN10"]
["LOCA","100","PN10","","220","120","22","","8","18","180","DIN 2642 (Antigua)","EN-1092-1 TIPO 02","BRIDA LOCA EN-1092-1 TIPO 02 PN10"]
["LOCA","125","PN10","","250","145","22","","8","18","210","DIN 2642 (Antigua)","EN-1092-1 TIPO 02","BRIDA LOCA EN-1092-1 TIPO 02 PN10"]
["LOCA","150","PN10","","285","174","24","","8","22","240","DIN 2642 (Antigua)","EN-1092-1 TIPO 02","BRIDA LOCA EN-1092-1 TIPO 02 PN10"]
["LOCA","200","PN10","","340","226","24","","8","22","295","DIN 2642 (Antigua)","EN-1092-1 TIPO 02","BRIDA LOCA EN-1092-1 TIPO 02 PN10"]
["LOCA","250","PN10","","395","281","26","","12","22","350","DIN 2642 (Antigua)","EN-1092-1 TIPO 02","BRIDA LOCA EN-1092-1 TIPO 02 PN10"]
["LOCA","300","PN10","","445","333","26","","12","22","400","DIN 2642 (Antigua)","EN-1092-1 TIPO 02","BRIDA LOCA EN-1092-1 TIPO 02 PN10"]
["LOCA","350","PN10","","505","365","30","","16","22","460","DIN 2642 (Antigua)","EN-1092-1 TIPO 02","BRIDA LOCA EN-1092-1 TIPO 02 PN10"]
["LOCA","400","PN10","","565","416","32","","16","26","515","DIN 2642 (Antigua)","EN-1092-1 TIPO 02","BRIDA LOCA EN-1092-1 TIPO 02 PN10"]
["LOCA","450","PN10","","615","467","36","","20","26","565","DIN 2642 (Antigua)","EN-1092-1 TIPO 02","BRIDA LOCA EN-1092-1 TIPO 02 PN10"]
["LOCA","500","PN10","","670","519","38","","20","26","620","DIN 2642 (Antigua)","EN-1092-1 TIPO 02","BRIDA LOCA EN-1092-1 TIPO 02 PN10"]
["LOCA","600","PN10","","780","622","42","","20","30","725","DIN 2642 (Antigua)","EN-1092-1 TIPO 02","BRIDA LOCA EN-1092-1 TIPO 02 PN10"]
["LOCA","700","PN10","","895","721","50","","24","30","840","DIN 2642 (Antigua)","EN-1092-1 TIPO 02","BRIDA LOCA EN-1092-1 TIPO 02 PN10"]
["LOCA","800","PN10","","1015","824","56","","24","33","950","DIN 2642 (Antigua)","EN-1092-1 TIPO 02","BRIDA LOCA EN-1092-1 TIPO 02 PN10"]
["LOCA","900","PN10","","1115","926","62","","28","33","1050","DIN 2642 (Antigua)","EN-1092-1 TIPO 02","BRIDA LOCA EN-1092-1 TIPO 02 PN10"]
["LOCA","1000","PN10","","1230","1028","70","","28","36","1160","DIN 2642 (Antigua)","EN-1092-1 TIPO 02","BRIDA LOCA EN-1092-1 TIPO 02 PN10"]
["LOCA","1200","PN10","","1455","1234","83","","32","39","1380","DIN 2642 (Antigua)","EN-1092-1 TIPO 02","BRIDA LOCA EN-1092-1 TIPO 02 PN10"]
["LOCA","10","PN16","","90","21","14","","4","14","60","DIN 2655 (Antigua)","EN-1092-1 TIPO 02","BRIDA LOCA EN-1092-1 TIPO 02 PN16"]
["LOCA","15","PN16","","95","25","14","","4","14","65","DIN 2655 (Antigua)","EN-1092-1 TIPO 02","BRIDA LOCA EN-1092-1 TIPO 02 PN16"]
["LOCA","20","PN16","","105","31","16","","4","14","75","DIN 2655 (Antigua)","EN-1092-1 TIPO 02","BRIDA LOCA EN-1092-1 TIPO 02 PN16"]
["LOCA","25","PN16","","115","38","16","","4","14","85","DIN 2655 (Antigua)","EN-1092-1 TIPO 02","BRIDA LOCA EN-1092-1 TIPO 02 PN16"]
["LOCA","32","PN16","","140","47","18","","4","18","100","DIN 2655 (Antigua)","EN-1092-1 TIPO 02","BRIDA LOCA EN-1092-1 TIPO 02 PN16"]
["LOCA","40","PN16","","150","53","18","","4","18","110","DIN 2655 (Antigua)","EN-1092-1 TIPO 02","BRIDA LOCA EN-1092-1 TIPO 02 PN16"]
["LOCA","50","PN16","","165","65","20","","4","18","125","DIN 2655 (Antigua)","EN-1092-1 TIPO 02","BRIDA LOCA EN-1092-1 TIPO 02 PN16"]
["LOCA","65","PN16","","185","81","20","","8","18","145","DIN 2655 (Antigua)","EN-1092-1 TIPO 02","BRIDA LOCA EN-1092-1 TIPO 02 PN16"]
["LOCA","80","PN16","","200","94","20","","8","18","160","DIN 2655 (Antigua)","EN-1092-1 TIPO 02","BRIDA LOCA EN-1092-1 TIPO 02 PN16"]
["LOCA","100","PN16","","220","120","22","","8","18","180","DIN 2655 (Antigua)","EN-1092-1 TIPO 02","BRIDA LOCA EN-1092-1 TIPO 02 PN16"]
["LOCA","125","PN16","","250","145","22","","8","18","210","DIN 2655 (Antigua)","EN-1092-1 TIPO 02","BRIDA LOCA EN-1092-1 TIPO 02 PN16"]
["LOCA","150","PN16","","285","174","24","","8","22","240","DIN 2655 (Antigua)","EN-1092-1 TIPO 02","BRIDA LOCA EN-1092-1 TIPO 02 PN16"]
["LOCA","200","PN16","","340","226","26","","12","22","295","DIN 2655 (Antigua)","EN-1092-1 TIPO 02","BRIDA LOCA EN-1092-1 TIPO 02 PN16"]
["LOCA","250","PN16","","405","281","29","","12","26","355","DIN 2655 (Antigua)","EN-1092-1 TIPO 02","BRIDA LOCA EN-1092-1 TIPO 02 PN16"]
["LOCA","300","PN16","","460","333","32","","12","26","410","DIN 2655 (Antigua)","EN-1092-1 TIPO 02","BRIDA LOCA EN-1092-1 TIPO 02 PN16"]
["LOCA","350","PN16","","520","365","35","","16","26","470","DIN 2655 (Antigua)","EN-1092-1 TIPO 02","BRIDA LOCA EN-1092-1 TIPO 02 PN16"]
["LOCA","400","PN16","","580","416","38","","16","30","525","DIN 2655 (Antigua)","EN-1092-1 TIPO 02","BRIDA LOCA EN-1092-1 TIPO 02 PN16"]
["LOCA","450","PN16","","640","467","42","","20","30","585","DIN 2655 (Antigua)","EN-1092-1 TIPO 02","BRIDA LOCA EN-1092-1 TIPO 02 PN16"]
["LOCA","500","PN16","","715","519","46","","20","33","650","DIN 2655 (Antigua)","EN-1092-1 TIPO 02","BRIDA LOCA EN-1092-1 TIPO 02 PN16"]
["LOCA","600","PN16","","840","622","55","","20","36","770","DIN 2655 (Antigua)","EN-1092-1 TIPO 02","BRIDA LOCA EN-1092-1 TIPO 02 PN16"]
["LOCA","700","PN16","","910","721","63","","24","36","840","DIN 2655 (Antigua)","EN-1092-1 TIPO 02","BRIDA LOCA EN-1092-1 TIPO 02 PN16"]
["LOCA","800","PN16","","1025","824","74","","24","39","950","DIN 2655 (Antigua)","EN-1092-1 TIPO 02","BRIDA LOCA EN-1092-1 TIPO 02 PN16"]
["LOCA","900","PN16","","1125","926","82","","28","39","1050","DIN 2655 (Antigua)","EN-1092-1 TIPO 02","BRIDA LOCA EN-1092-1 TIPO 02 PN16"]
["LOCA","1000","PN16","","1255","1030","90","","28","42","1170","DIN 2655 (Antigua)","EN-1092-1 TIPO 02","BRIDA LOCA EN-1092-1 TIPO 02 PN16"]
["LOCA","10","PN25","","90","21","14","","4","14","60","DIN 2656 (Antigua)","EN-1092-1 TIPO 02","BRIDA LOCA EN-1092-1 TIPO 02 PN25"]
["LOCA","15","PN25","","95","25","14","","4","14","65","DIN 2656 (Antigua)","EN-1092-1 TIPO 02","BRIDA LOCA EN-1092-1 TIPO 02 PN25"]
["LOCA","20","PN25","","105","31","16","","4","14","75","DIN 2656 (Antigua)","EN-1092-1 TIPO 02","BRIDA LOCA EN-1092-1 TIPO 02 PN25"]
["LOCA","25","PN25","","115","38","16","","4","14","85","DIN 2656 (Antigua)","EN-1092-1 TIPO 02","BRIDA LOCA EN-1092-1 TIPO 02 PN25"]
["LOCA","32","PN25","","140","47","18","","4","18","100","DIN 2656 (Antigua)","EN-1092-1 TIPO 02","BRIDA LOCA EN-1092-1 TIPO 02 PN25"]
["LOCA","40","PN25","","150","53","18","","4","18","110","DIN 2656 (Antigua)","EN-1092-1 TIPO 02","BRIDA LOCA EN-1092-1 TIPO 02 PN25"]
["LOCA","50","PN25","","165","65","20","","4","18","125","DIN 2656 (Antigua)","EN-1092-1 TIPO 02","BRIDA LOCA EN-1092-1 TIPO 02 PN25"]
["LOCA","65","PN25","","185","81","22","","8","18","145","DIN 2656 (Antigua)","EN-1092-1 TIPO 02","BRIDA LOCA EN-1092-1 TIPO 02 PN25"]
["LOCA","80","PN25","","200","94","24","","8","18","160","DIN 2656 (Antigua)","EN-1092-1 TIPO 02","BRIDA LOCA EN-1092-1 TIPO 02 PN25"]
["LOCA","100","PN25","","235","120","26","","8","22","190","DIN 2656 (Antigua)","EN-1092-1 TIPO 02","BRIDA LOCA EN-1092-1 TIPO 02 PN25"]
["LOCA","125","PN25","","270","145","28","","8","26","220","DIN 2656 (Antigua)","EN-1092-1 TIPO 02","BRIDA LOCA EN-1092-1 TIPO 02 PN25"]
["LOCA","150","PN25","","300","174","30","","8","26","250","DIN 2656 (Antigua)","EN-1092-1 TIPO 02","BRIDA LOCA EN-1092-1 TIPO 02 PN25"]
["LOCA","200","PN25","","360","226","32","","12","26","310","DIN 2656 (Antigua)","EN-1092-1 TIPO 02","BRIDA LOCA EN-1092-1 TIPO 02 PN25"]
["LOCA","250","PN25","","425","281","35","","12","30","370","DIN 2656 (Antigua)","EN-1092-1 TIPO 02","BRIDA LOCA EN-1092-1 TIPO 02 PN25"]
["LOCA","300","PN25","","485","333","38","","16","30","430","DIN 2656 (Antigua)","EN-1092-1 TIPO 02","BRIDA LOCA EN-1092-1 TIPO 02 PN25"]
["LOCA","350","PN25","","555","365","42","","16","33","490","DIN 2656 (Antigua)","EN-1092-1 TIPO 02","BRIDA LOCA EN-1092-1 TIPO 02 PN25"]
["LOCA","400","PN25","","620","416","46","","16","36","550","DIN 2656 (Antigua)","EN-1092-1 TIPO 02","BRIDA LOCA EN-1092-1 TIPO 02 PN25"]
["LOCA","450","PN25","","670","467","50","","20","36","600","DIN 2656 (Antigua)","EN-1092-1 TIPO 02","BRIDA LOCA EN-1092-1 TIPO 02 PN25"]
["LOCA","500","PN25","","730","519","56","","20","36","660","DIN 2656 (Antigua)","EN-1092-1 TIPO 02","BRIDA LOCA EN-1092-1 TIPO 02 PN25"]
["LOCA","600","PN25","","845","622","68","","20","39","770","DIN 2656 (Antigua)","EN-1092-1 TIPO 02","BRIDA LOCA EN-1092-1 TIPO 02 PN25"]
["LOCA","700","PN25","","960","721","85","","24","42","875","DIN 2656 (Antigua)","EN-1092-1 TIPO 02","BRIDA LOCA EN-1092-1 TIPO 02 PN25"]
["LOCA","800","PN25","","1085","824","95","","24","48","990","DIN 2656 (Antigua)","EN-1092-1 TIPO 02","BRIDA LOCA EN-1092-1 TIPO 02 PN25"]
["LOCA","10","PN40","","90","21","14","","4","14","60","","EN-1092-1 TIPO 02","BRIDA LOCA EN-1092-1 TIPO 02 PN40"]
["LOCA","15","PN40","","95","25","14","","4","14","65","","EN-1092-1 TIPO 02","BRIDA LOCA EN-1092-1 TIPO 02 PN40"]
["LOCA","20","PN40","","105","31","16","","4","14","75","","EN-1092-1 TIPO 02","BRIDA LOCA EN-1092-1 TIPO 02 PN40"]
["LOCA","25","PN40","","115","38","16","","4","14","85","","EN-1092-1 TIPO 02","BRIDA LOCA EN-1092-1 TIPO 02 PN40"]
["LOCA","32","PN40","","140","47","18","","4","18","100","","EN-1092-1 TIPO 02","BRIDA LOCA EN-1092-1 TIPO 02 PN40"]
["LOCA","40","PN40","","150","53","18","","4","18","110","","EN-1092-1 TIPO 02","BRIDA LOCA EN-1092-1 TIPO 02 PN40"]
["LOCA","50","PN40","","165","65","20","","4","18","125","","EN-1092-1 TIPO 02","BRIDA LOCA EN-1092-1 TIPO 02 PN40"]
["LOCA","65","PN40","","185","81","22","","8","18","145","","EN-1092-1 TIPO 02","BRIDA LOCA EN-1092-1 TIPO 02 PN40"]
["LOCA","80","PN40","","200","94","24","","8","18","160","","EN-1092-1 TIPO 02","BRIDA LOCA EN-1092-1 TIPO 02 PN40"]
["LOCA","100","PN40","","235","120","26","","8","22","190","","EN-1092-1 TIPO 02","BRIDA LOCA EN-1092-1 TIPO 02 PN40"]
["LOCA","125","PN40","","270","145","28","","8","26","220","","EN-1092-1 TIPO 02","BRIDA LOCA EN-1092-1 TIPO 02 PN40"]
["LOCA","150","PN40","","300","174","30","","8","26","250","","EN-1092-1 TIPO 02","BRIDA LOCA EN-1092-1 TIPO 02 PN40"]
["LOCA","200","PN40","","375","226","36","","12","30","320","","EN-1092-1 TIPO 02","BRIDA LOCA EN-1092-1 TIPO 02 PN40"]
["LOCA","250","PN40","","450","281","42","","12","33","385","","EN-1092-1 TIPO 02","BRIDA LOCA EN-1092-1 TIPO 02 PN40"]
["LOCA","300","PN40","","515","333","52","","16","33","450","","EN-1092-1 TIPO 02","BRIDA LOCA EN-1092-1 TIPO 02 PN40"]
["LOCA","350","PN40","","580","365","58","","16","36","510","","EN-1092-1 TIPO 02","BRIDA LOCA EN-1092-1 TIPO 02 PN40"]
["LOCA","400","PN40","","660","416","65","","16","39","585","","EN-1092-1 TIPO 02","BRIDA LOCA EN-1092-1 TIPO 02 PN40"]
["LOCA","450","PN40","","685","467","","","20","39","610","","EN-1092-1 TIPO 02","BRIDA LOCA EN-1092-1 TIPO 02 PN40"]
["LOCA","500","PN40","","755","519","","","20","42","670","","EN-1092-1 TIPO 02","BRIDA LOCA EN-1092-1 TIPO 02 PN40"]
["LOCA","600","PN40","","890","622","","","20","48","795","","EN-1092-1 TIPO 02","BRIDA LOCA EN-1092-1 TIPO 02 PN40"]
["LOCA","10","PN10","","90","31","14","","4","14","60","DIN 2673 (Antigua)","EN-1092-1 TIPO 04","BRIDA LOCA EN-1092-1 TIPO 04 PN10"]
["LOCA","15","PN10","","95","35","14","","4","14","65","DIN 2673 (Antigua)","EN-1092-1 TIPO 04","BRIDA LOCA EN-1092-1 TIPO 04 PN10"]
["LOCA","20","PN10","","105","42","16","","4","14","75","DIN 2673 (Antigua)","EN-1092-1 TIPO 04","BRIDA LOCA EN-1092-1 TIPO 04 PN10"]
["LOCA","25","PN10","","115","49","16","","4","14","85","DIN 2673 (Antigua)","EN-1092-1 TIPO 04","BRIDA LOCA EN-1092-1 TIPO 04 PN10"]
["LOCA","32","PN10","","140","59","18","","4","18","100","DIN 2673 (Antigua)","EN-1092-1 TIPO 04","BRIDA LOCA EN-1092-1 TIPO 04 PN10"]
["LOCA","40","PN10","","150","67","18","","4","18","110","DIN 2673 (Antigua)","EN-1092-1 TIPO 04","BRIDA LOCA EN-1092-1 TIPO 04 PN10"]
["LOCA","50","PN10","","165","77","20","","4","18","125","DIN 2673 (Antigua)","EN-1092-1 TIPO 04","BRIDA LOCA EN-1092-1 TIPO 04 PN10"]
["LOCA","65","PN10","","185","96","20","","8","18","145","DIN 2673 (Antigua)","EN-1092-1 TIPO 04","BRIDA LOCA EN-1092-1 TIPO 04 PN10"]
["LOCA","80","PN10","","200","108","20","","8","18","160","DIN 2673 (Antigua)","EN-1092-1 TIPO 04","BRIDA LOCA EN-1092-1 TIPO 04 PN10"]
["LOCA","100","PN10","","220","134","22","","8","18","180","DIN 2673 (Antigua)","EN-1092-1 TIPO 04","BRIDA LOCA EN-1092-1 TIPO 04 PN10"]
["LOCA","125","PN10","","250","162","22","","8","18","210","DIN 2673 (Antigua)","EN-1092-1 TIPO 04","BRIDA LOCA EN-1092-1 TIPO 04 PN10"]
["LOCA","150","PN10","","285","188","24","","8","22","240","DIN 2673 (Antigua)","EN-1092-1 TIPO 04","BRIDA LOCA EN-1092-1 TIPO 04 PN10"]
["LOCA","200","PN10","","340","240","24","","8","22","295","DIN 2673 (Antigua)","EN-1092-1 TIPO 04","BRIDA LOCA EN-1092-1 TIPO 04 PN10"]
["LOCA","250","PN10","","395","294","26","","12","22","350","DIN 2673 (Antigua)","EN-1092-1 TIPO 04","BRIDA LOCA EN-1092-1 TIPO 04 PN10"]
["LOCA","300","PN10","","445","348","26","","12","22","400","DIN 2673 (Antigua)","EN-1092-1 TIPO 04","BRIDA LOCA EN-1092-1 TIPO 04 PN10"]
["LOCA","350","PN10","","505","400","30","","16","22","460","DIN 2673 (Antigua)","EN-1092-1 TIPO 04","BRIDA LOCA EN-1092-1 TIPO 04 PN10"]
["LOCA","400","PN10","","565","450","32","","16","26","515","DIN 2673 (Antigua)","EN-1092-1 TIPO 04","BRIDA LOCA EN-1092-1 TIPO 04 PN10"]
["LOCA","450","PN10","","615","498","36","","20","26","565","DIN 2673 (Antigua)","EN-1092-1 TIPO 04","BRIDA LOCA EN-1092-1 TIPO 04 PN10"]
["LOCA","500","PN10","","670","550","38","","20","26","620","DIN 2673 (Antigua)","EN-1092-1 TIPO 04","BRIDA LOCA EN-1092-1 TIPO 04 PN10"]
["LOCA","600","PN10","","780","650","42","","20","30","725","DIN 2673 (Antigua)","EN-1092-1 TIPO 04","BRIDA LOCA EN-1092-1 TIPO 04 PN10"]
["LOCA","10","PN16","","90","31","14","","4","14","60","DIN 2674 (Antigua)","EN-1092-1 TIPO 04","BRIDA LOCA EN-1092-1 TIPO 04 PN16"]
["LOCA","15","PN16","","95","35","14","","4","14","65","DIN 2674 (Antigua)","EN-1092-1 TIPO 04","BRIDA LOCA EN-1092-1 TIPO 04 PN16"]
["LOCA","20","PN16","","105","42","16","","4","14","75","DIN 2674 (Antigua)","EN-1092-1 TIPO 04","BRIDA LOCA EN-1092-1 TIPO 04 PN16"]
["LOCA","25","PN16","","115","49","16","","4","14","85","DIN 2674 (Antigua)","EN-1092-1 TIPO 04","BRIDA LOCA EN-1092-1 TIPO 04 PN16"]
["LOCA","32","PN16","","140","59","18","","4","18","100","DIN 2674 (Antigua)","EN-1092-1 TIPO 04","BRIDA LOCA EN-1092-1 TIPO 04 PN16"]
["LOCA","40","PN16","","150","67","18","","4","18","110","DIN 2674 (Antigua)","EN-1092-1 TIPO 04","BRIDA LOCA EN-1092-1 TIPO 04 PN16"]
["LOCA","50","PN16","","165","77","20","","4","18","125","DIN 2674 (Antigua)","EN-1092-1 TIPO 04","BRIDA LOCA EN-1092-1 TIPO 04 PN16"]
["LOCA","65","PN16","","185","96","20","","8","18","145","DIN 2674 (Antigua)","EN-1092-1 TIPO 04","BRIDA LOCA EN-1092-1 TIPO 04 PN16"]
["LOCA","80","PN16","","200","108","20","","8","18","160","DIN 2674 (Antigua)","EN-1092-1 TIPO 04","BRIDA LOCA EN-1092-1 TIPO 04 PN16"]
["LOCA","100","PN16","","220","134","22","","8","18","180","DIN 2674 (Antigua)","EN-1092-1 TIPO 04","BRIDA LOCA EN-1092-1 TIPO 04 PN16"]
["LOCA","125","PN16","","250","162","22","","8","18","210","DIN 2674 (Antigua)","EN-1092-1 TIPO 04","BRIDA LOCA EN-1092-1 TIPO 04 PN16"]
["LOCA","150","PN16","","285","188","24","","8","22","240","DIN 2674 (Antigua)","EN-1092-1 TIPO 04","BRIDA LOCA EN-1092-1 TIPO 04 PN16"]
["LOCA","200","PN16","","340","240","26","","12","22","295","DIN 2674 (Antigua)","EN-1092-1 TIPO 04","BRIDA LOCA EN-1092-1 TIPO 04 PN16"]
["LOCA","250","PN16","","405","294","29","","12","26","355","DIN 2674 (Antigua)","EN-1092-1 TIPO 04","BRIDA LOCA EN-1092-1 TIPO 04 PN16"]
["LOCA","300","PN16","","460","348","32","","12","26","410","DIN 2674 (Antigua)","EN-1092-1 TIPO 04","BRIDA LOCA EN-1092-1 TIPO 04 PN16"]
["LOCA","350","PN16","","520","400","35","","16","26","470","DIN 2674 (Antigua)","EN-1092-1 TIPO 04","BRIDA LOCA EN-1092-1 TIPO 04 PN16"]
["LOCA","400","PN16","","580","454","38","","16","30","525","DIN 2674 (Antigua)","EN-1092-1 TIPO 04","BRIDA LOCA EN-1092-1 TIPO 04 PN16"]
["LOCA","450","PN16","","640","500","42","","20","30","585","DIN 2674 (Antigua)","EN-1092-1 TIPO 04","BRIDA LOCA EN-1092-1 TIPO 04 PN16"]
["LOCA","500","PN16","","715","556","46","","20","33","650","DIN 2674 (Antigua)","EN-1092-1 TIPO 04","BRIDA LOCA EN-1092-1 TIPO 04 PN16"]
["LOCA","600","PN16","","840","660","55","","20","36","770","DIN 2674 (Antigua)","EN-1092-1 TIPO 04","BRIDA LOCA EN-1092-1 TIPO 04 PN16"]
["LOCA","10","PN25","","90","31","14","","4","14","60","DIN 2675 (Antigua)","EN-1092-1 TIPO 04","BRIDA LOCA EN-1092-1 TIPO 04 PN25"]
["LOCA","15","PN25","","95","35","14","","4","14","65","DIN 2675 (Antigua)","EN-1092-1 TIPO 04","BRIDA LOCA EN-1092-1 TIPO 04 PN25"]
["LOCA","20","PN25","","105","42","16","","4","14","75","DIN 2675 (Antigua)","EN-1092-1 TIPO 04","BRIDA LOCA EN-1092-1 TIPO 04 PN25"]
["LOCA","25","PN25","","115","49","16","","4","14","85","DIN 2675 (Antigua)","EN-1092-1 TIPO 04","BRIDA LOCA EN-1092-1 TIPO 04 PN25"]
["LOCA","32","PN25","","140","59","18","","4","18","100","DIN 2675 (Antigua)","EN-1092-1 TIPO 04","BRIDA LOCA EN-1092-1 TIPO 04 PN25"]
["LOCA","40","PN25","","150","67","18","","4","18","110","DIN 2675 (Antigua)","EN-1092-1 TIPO 04","BRIDA LOCA EN-1092-1 TIPO 04 PN25"]
["LOCA","50","PN25","","165","77","20","","4","18","125","DIN 2675 (Antigua)","EN-1092-1 TIPO 04","BRIDA LOCA EN-1092-1 TIPO 04 PN25"]
["LOCA","65","PN25","","185","96","22","","8","18","145","DIN 2675 (Antigua)","EN-1092-1 TIPO 04","BRIDA LOCA EN-1092-1 TIPO 04 PN25"]
["LOCA","80","PN25","","200","114","24","","8","18","160","DIN 2675 (Antigua)","EN-1092-1 TIPO 04","BRIDA LOCA EN-1092-1 TIPO 04 PN25"]
["LOCA","100","PN25","","235","138","26","","8","22","190","DIN 2675 (Antigua)","EN-1092-1 TIPO 04","BRIDA LOCA EN-1092-1 TIPO 04 PN25"]
["LOCA","125","PN25","","270","166","28","","8","26","220","DIN 2675 (Antigua)","EN-1092-1 TIPO 04","BRIDA LOCA EN-1092-1 TIPO 04 PN25"]
["LOCA","150","PN25","","300","194","30","","8","26","250","DIN 2675 (Antigua)","EN-1092-1 TIPO 04","BRIDA LOCA EN-1092-1 TIPO 04 PN25"]
["LOCA","200","PN25","","360","250","32","","12","26","310","DIN 2675 (Antigua)","EN-1092-1 TIPO 04","BRIDA LOCA EN-1092-1 TIPO 04 PN25"]
["LOCA","250","PN25","","425","302","35","","12","30","370","DIN 2675 (Antigua)","EN-1092-1 TIPO 04","BRIDA LOCA EN-1092-1 TIPO 04 PN25"]
["LOCA","300","PN25","","485","356","38","","16","30","430","DIN 2675 (Antigua)","EN-1092-1 TIPO 04","BRIDA LOCA EN-1092-1 TIPO 04 PN25"]
["LOCA","350","PN25","","555","408","42","","16","33","490","DIN 2675 (Antigua)","EN-1092-1 TIPO 04","BRIDA LOCA EN-1092-1 TIPO 04 PN25"]
["LOCA","400","PN25","","620","462","46","","16","36","550","DIN 2675 (Antigua)","EN-1092-1 TIPO 04","BRIDA LOCA EN-1092-1 TIPO 04 PN25"]
["LOCA","450","PN25","","670","510","50","","20","36","600","DIN 2675 (Antigua)","EN-1092-1 TIPO 04","BRIDA LOCA EN-1092-1 TIPO 04 PN25"]
["LOCA","500","PN25","","730","568","56","","20","36","660","DIN 2675 (Antigua)","EN-1092-1 TIPO 04","BRIDA LOCA EN-1092-1 TIPO 04 PN25"]
["LOCA","600","PN25","","845","670","68","","20","39","770","DIN 2675 (Antigua)","EN-1092-1 TIPO 04","BRIDA LOCA EN-1092-1 TIPO 04 PN25"]
["LOCA","10","PN40","","90","31","14","","4","14","60","DIN 2676 (Antigua)","EN-1092-1 TIPO 04","BRIDA LOCA EN-1092-1 TIPO 04 PN40"]
["LOCA","15","PN40","","95","35","14","","4","14","65","DIN 2676 (Antigua)","EN-1092-1 TIPO 04","BRIDA LOCA EN-1092-1 TIPO 04 PN40"]
["LOCA","20","PN40","","105","42","16","","4","14","75","DIN 2676 (Antigua)","EN-1092-1 TIPO 04","BRIDA LOCA EN-1092-1 TIPO 04 PN40"]
["LOCA","25","PN40","","115","49","16","","4","14","85","DIN 2676 (Antigua)","EN-1092-1 TIPO 04","BRIDA LOCA EN-1092-1 TIPO 04 PN40"]
["LOCA","32","PN40","","140","59","18","","4","18","100","DIN 2676 (Antigua)","EN-1092-1 TIPO 04","BRIDA LOCA EN-1092-1 TIPO 04 PN40"]
["LOCA","40","PN40","","150","67","18","","4","18","110","DIN 2676 (Antigua)","EN-1092-1 TIPO 04","BRIDA LOCA EN-1092-1 TIPO 04 PN40"]
["LOCA","50","PN40","","165","77","20","","4","18","125","DIN 2676 (Antigua)","EN-1092-1 TIPO 04","BRIDA LOCA EN-1092-1 TIPO 04 PN40"]
["LOCA","65","PN40","","185","96","22","","8","18","145","DIN 2676 (Antigua)","EN-1092-1 TIPO 04","BRIDA LOCA EN-1092-1 TIPO 04 PN40"]
["LOCA","80","PN40","","200","114","24","","8","18","160","DIN 2676 (Antigua)","EN-1092-1 TIPO 04","BRIDA LOCA EN-1092-1 TIPO 04 PN40"]
["LOCA","100","PN40","","235","138","26","","8","22","190","DIN 2676 (Antigua)","EN-1092-1 TIPO 04","BRIDA LOCA EN-1092-1 TIPO 04 PN40"]
["LOCA","125","PN40","","270","166","28","","8","26","220","DIN 2676 (Antigua)","EN-1092-1 TIPO 04","BRIDA LOCA EN-1092-1 TIPO 04 PN40"]
["LOCA","150","PN40","","300","194","30","","8","26","250","DIN 2676 (Antigua)","EN-1092-1 TIPO 04","BRIDA LOCA EN-1092-1 TIPO 04 PN40"]
["LOCA","200","PN40","","375","250","36","","12","30","320","DIN 2676 (Antigua)","EN-1092-1 TIPO 04","BRIDA LOCA EN-1092-1 TIPO 04 PN40"]
["LOCA","250","PN40","","450","312","42","","12","33","385","DIN 2676 (Antigua)","EN-1092-1 TIPO 04","BRIDA LOCA EN-1092-1 TIPO 04 PN40"]
["LOCA","300","PN40","","515","368","52","","16","33","450","DIN 2676 (Antigua)","EN-1092-1 TIPO 04","BRIDA LOCA EN-1092-1 TIPO 04 PN40"]
["LOCA","350","PN40","","580","418","58","","16","36","510","DIN 2676 (Antigua)","EN-1092-1 TIPO 04","BRIDA LOCA EN-1092-1 TIPO 04 PN40"]
["LOCA","400","PN40","","660","472","65","","16","39","585","DIN 2676 (Antigua)","EN-1092-1 TIPO 04","BRIDA LOCA EN-1092-1 TIPO 04 PN40"]
["LOCA","450","PN40","","685","510","","","20","39","610","DIN 2676 (Antigua)","EN-1092-1 TIPO 04","BRIDA LOCA EN-1092-1 TIPO 04 PN40"]
["LOCA","500","PN40","","755","572","","","20","42","670","DIN 2676 (Antigua)","EN-1092-1 TIPO 04","BRIDA LOCA EN-1092-1 TIPO 04 PN40"]
["LOCA","600","PN40","","890","676","","","20","48","795","DIN 2676 (Antigua)","EN-1092-1 TIPO 04","BRIDA LOCA EN-1092-1 TIPO 04 PN40"]
["CIEGA","10","PN2.5","","75","","12","","4","11","50","DIN 2527 (Antigua)","EN-1092-1 TIPO 05","BRIDA CIEGA EN-1092-1 TIPO 05 PN2.5"]
["CIEGA","15","PN2.5","","80","","12","","4","11","55","DIN 2527 (Antigua)","EN-1092-1 TIPO 05","BRIDA CIEGA EN-1092-1 TIPO 05 PN2.5"]
["CIEGA","20","PN2.5","","90","","14","","4","11","65","DIN 2527 (Antigua)","EN-1092-1 TIPO 05","BRIDA CIEGA EN-1092-1 TIPO 05 PN2.5"]
["CIEGA","25","PN2.5","","100","","14","","4","11","75","DIN 2527 (Antigua)","EN-1092-1 TIPO 05","BRIDA CIEGA EN-1092-1 TIPO 05 PN2.5"]
["CIEGA","32","PN2.5","","120","","14","","4","14","90","DIN 2527 (Antigua)","EN-1092-1 TIPO 05","BRIDA CIEGA EN-1092-1 TIPO 05 PN2.5"]
["CIEGA","40","PN2.5","","130","","14","","4","14","100","DIN 2527 (Antigua)","EN-1092-1 TIPO 05","BRIDA CIEGA EN-1092-1 TIPO 05 PN2.5"]
["CIEGA","50","PN2.5","","140","","14","","4","14","110","DIN 2527 (Antigua)","EN-1092-1 TIPO 05","BRIDA CIEGA EN-1092-1 TIPO 05 PN2.5"]
["CIEGA","65","PN2.5","","160","","14","","4","14","130","DIN 2527 (Antigua)","EN-1092-1 TIPO 05","BRIDA CIEGA EN-1092-1 TIPO 05 PN2.5"]
["CIEGA","80","PN2.5","","190","","16","","4","18","150","DIN 2527 (Antigua)","EN-1092-1 TIPO 05","BRIDA CIEGA EN-1092-1 TIPO 05 PN2.5"]
["CIEGA","100","PN2.5","","210","","16","","4","18","170","DIN 2527 (Antigua)","EN-1092-1 TIPO 05","BRIDA CIEGA EN-1092-1 TIPO 05 PN2.5"]
["CIEGA","125","PN2.5","","240","","18","","8","18","200","DIN 2527 (Antigua)","EN-1092-1 TIPO 05","BRIDA CIEGA EN-1092-1 TIPO 05 PN2.5"]
["CIEGA","150","PN2.5","","265","","18","","8","18","225","DIN 2527 (Antigua)","EN-1092-1 TIPO 05","BRIDA CIEGA EN-1092-1 TIPO 05 PN2.5"]
["CIEGA","200","PN2.5","","320","","20","","8","18","280","DIN 2527 (Antigua)","EN-1092-1 TIPO 05","BRIDA CIEGA EN-1092-1 TIPO 05 PN2.5"]
["CIEGA","250","PN2.5","","375","","22","","12","18","335","DIN 2527 (Antigua)","EN-1092-1 TIPO 05","BRIDA CIEGA EN-1092-1 TIPO 05 PN2.5"]
["CIEGA","300","PN2.5","","440","","22","","12","22","395","DIN 2527 (Antigua)","EN-1092-1 TIPO 05","BRIDA CIEGA EN-1092-1 TIPO 05 PN2.5"]
["CIEGA","350","PN2.5","","490","","22","","12","22","445","DIN 2527 (Antigua)","EN-1092-1 TIPO 05","BRIDA CIEGA EN-1092-1 TIPO 05 PN2.5"]
["CIEGA","400","PN2.5","","540","","22","","16","22","495","DIN 2527 (Antigua)","EN-1092-1 TIPO 05","BRIDA CIEGA EN-1092-1 TIPO 05 PN2.5"]
["CIEGA","450","PN2.5","","595","","24","","16","22","550","DIN 2527 (Antigua)","EN-1092-1 TIPO 05","BRIDA CIEGA EN-1092-1 TIPO 05 PN2.5"]
["CIEGA","500","PN2.5","","645","","24","","20","22","600","DIN 2527 (Antigua)","EN-1092-1 TIPO 05","BRIDA CIEGA EN-1092-1 TIPO 05 PN2.5"]
["CIEGA","600","PN2.5","","755","","30","","20","26","705","DIN 2527 (Antigua)","EN-1092-1 TIPO 05","BRIDA CIEGA EN-1092-1 TIPO 05 PN2.5"]
["CIEGA","700","PN2.5","","860","","40","","24","26","810","DIN 2527 (Antigua)","EN-1092-1 TIPO 05","BRIDA CIEGA EN-1092-1 TIPO 05 PN2.5"]
["CIEGA","800","PN2.5","","975","","44","","24","30","920","DIN 2527 (Antigua)","EN-1092-1 TIPO 05","BRIDA CIEGA EN-1092-1 TIPO 05 PN2.5"]
["CIEGA","900","PN2.5","","1075","","48","","24","30","1020","DIN 2527 (Antigua)","EN-1092-1 TIPO 05","BRIDA CIEGA EN-1092-1 TIPO 05 PN2.5"]
["CIEGA","1000","PN2.5","","1175","","52","","28","30","1120","DIN 2527 (Antigua)","EN-1092-1 TIPO 05","BRIDA CIEGA EN-1092-1 TIPO 05 PN2.5"]
["CIEGA","1200","PN2.5","","1405","","60","","32","33","1340","DIN 2527 (Antigua)","EN-1092-1 TIPO 05","BRIDA CIEGA EN-1092-1 TIPO 05 PN2.5"]
["CIEGA","1400","PN2.5","","1630","","68","","36","36","1560","DIN 2527 (Antigua)","EN-1092-1 TIPO 05","BRIDA CIEGA EN-1092-1 TIPO 05 PN2.5"]
["CIEGA","1600","PN2.5","","1830","","76","","40","36","1760","DIN 2527 (Antigua)","EN-1092-1 TIPO 05","BRIDA CIEGA EN-1092-1 TIPO 05 PN2.5"]
["CIEGA","1800","PN2.5","","2045","","84","","44","39","1970","DIN 2527 (Antigua)","EN-1092-1 TIPO 05","BRIDA CIEGA EN-1092-1 TIPO 05 PN2.5"]
["CIEGA","2000","PN2.5","","2265","","92","","48","42","2180","DIN 2527 (Antigua)","EN-1092-1 TIPO 05","BRIDA CIEGA EN-1092-1 TIPO 05 PN2.5"]
["CIEGA","2200","PN2.5","","2475","","","","52","42","2390","DIN 2527 (Antigua)","EN-1092-1 TIPO 05","BRIDA CIEGA EN-1092-1 TIPO 05 PN2.5"]
["CIEGA","2400","PN2.5","","2685","","","","56","42","2600","DIN 2527 (Antigua)","EN-1092-1 TIPO 05","BRIDA CIEGA EN-1092-1 TIPO 05 PN2.5"]
["CIEGA","2600","PN2.5","","2905","","","","60","48","2710","DIN 2527 (Antigua)","EN-1092-1 TIPO 05","BRIDA CIEGA EN-1092-1 TIPO 05 PN2.5"]
["CIEGA","2800","PN2.5","","3115","","","","64","48","3020","DIN 2527 (Antigua)","EN-1092-1 TIPO 05","BRIDA CIEGA EN-1092-1 TIPO 05 PN2.5"]
["CIEGA","3000","PN2.5","","3315","","","","68","48","3220","DIN 2527 (Antigua)","EN-1092-1 TIPO 05","BRIDA CIEGA EN-1092-1 TIPO 05 PN2.5"]
["CIEGA","3200","PN2.5","","3525","","","","72","48","3430","DIN 2527 (Antigua)","EN-1092-1 TIPO 05","BRIDA CIEGA EN-1092-1 TIPO 05 PN2.5"]
["CIEGA","3400","PN2.5","","3735","","","","76","48","3640","DIN 2527 (Antigua)","EN-1092-1 TIPO 05","BRIDA CIEGA EN-1092-1 TIPO 05 PN2.5"]
["CIEGA","3600","PN2.5","","3970","","","","80","56","3860","DIN 2527 (Antigua)","EN-1092-1 TIPO 05","BRIDA CIEGA EN-1092-1 TIPO 05 PN2.5"]
["CIEGA","10","PN6","","75","","12","","4","11","50","DIN 2527 (Antigua)","EN-1092-1 TIPO 05","BRIDA CIEGA EN-1092-1 TIPO 05 PN6"]
["CIEGA","15","PN6","","80","","12","","4","11","55","DIN 2527 (Antigua)","EN-1092-1 TIPO 05","BRIDA CIEGA EN-1092-1 TIPO 05 PN6"]
["CIEGA","20","PN6","","90","","14","","4","11","65","DIN 2527 (Antigua)","EN-1092-1 TIPO 05","BRIDA CIEGA EN-1092-1 TIPO 05 PN6"]
["CIEGA","25","PN6","","100","","14","","4","11","75","DIN 2527 (Antigua)","EN-1092-1 TIPO 05","BRIDA CIEGA EN-1092-1 TIPO 05 PN6"]
["CIEGA","32","PN6","","120","","14","","4","14","90","DIN 2527 (Antigua)","EN-1092-1 TIPO 05","BRIDA CIEGA EN-1092-1 TIPO 05 PN6"]
["CIEGA","40","PN6","","130","","14","","4","14","100","DIN 2527 (Antigua)","EN-1092-1 TIPO 05","BRIDA CIEGA EN-1092-1 TIPO 05 PN6"]
["CIEGA","50","PN6","","140","","14","","4","14","110","DIN 2527 (Antigua)","EN-1092-1 TIPO 05","BRIDA CIEGA EN-1092-1 TIPO 05 PN6"]
["CIEGA","65","PN6","","160","","14","","4","14","130","DIN 2527 (Antigua)","EN-1092-1 TIPO 05","BRIDA CIEGA EN-1092-1 TIPO 05 PN6"]
["CIEGA","80","PN6","","190","","16","","4","18","150","DIN 2527 (Antigua)","EN-1092-1 TIPO 05","BRIDA CIEGA EN-1092-1 TIPO 05 PN6"]
["CIEGA","100","PN6","","210","","16","","4","18","170","DIN 2527 (Antigua)","EN-1092-1 TIPO 05","BRIDA CIEGA EN-1092-1 TIPO 05 PN6"]
["CIEGA","125","PN6","","240","","18","","8","18","200","DIN 2527 (Antigua)","EN-1092-1 TIPO 05","BRIDA CIEGA EN-1092-1 TIPO 05 PN6"]
["CIEGA","150","PN6","","265","","18","","8","18","225","DIN 2527 (Antigua)","EN-1092-1 TIPO 05","BRIDA CIEGA EN-1092-1 TIPO 05 PN6"]
["CIEGA","200","PN6","","320","","20","","8","18","280","DIN 2527 (Antigua)","EN-1092-1 TIPO 05","BRIDA CIEGA EN-1092-1 TIPO 05 PN6"]
["CIEGA","250","PN6","","375","","22","","12","18","335","DIN 2527 (Antigua)","EN-1092-1 TIPO 05","BRIDA CIEGA EN-1092-1 TIPO 05 PN6"]
["CIEGA","300","PN6","","440","","22","","12","22","395","DIN 2527 (Antigua)","EN-1092-1 TIPO 05","BRIDA CIEGA EN-1092-1 TIPO 05 PN6"]
["CIEGA","350","PN6","","490","","22","","12","22","445","DIN 2527 (Antigua)","EN-1092-1 TIPO 05","BRIDA CIEGA EN-1092-1 TIPO 05 PN6"]
["CIEGA","400","PN6","","540","","22","","16","22","495","DIN 2527 (Antigua)","EN-1092-1 TIPO 05","BRIDA CIEGA EN-1092-1 TIPO 05 PN6"]
["CIEGA","450","PN6","","595","","24","","16","22","550","DIN 2527 (Antigua)","EN-1092-1 TIPO 05","BRIDA CIEGA EN-1092-1 TIPO 05 PN6"]
["CIEGA","500","PN6","","645","","24","","20","22","600","DIN 2527 (Antigua)","EN-1092-1 TIPO 05","BRIDA CIEGA EN-1092-1 TIPO 05 PN6"]
["CIEGA","600","PN6","","755","","30","","20","26","705","DIN 2527 (Antigua)","EN-1092-1 TIPO 05","BRIDA CIEGA EN-1092-1 TIPO 05 PN6"]
["CIEGA","700","PN6","","860","","40","","24","26","810","DIN 2527 (Antigua)","EN-1092-1 TIPO 05","BRIDA CIEGA EN-1092-1 TIPO 05 PN6"]
["CIEGA","800","PN6","","975","","44","","24","30","920","DIN 2527 (Antigua)","EN-1092-1 TIPO 05","BRIDA CIEGA EN-1092-1 TIPO 05 PN6"]
["CIEGA","900","PN6","","1075","","48","","24","30","1020","DIN 2527 (Antigua)","EN-1092-1 TIPO 05","BRIDA CIEGA EN-1092-1 TIPO 05 PN6"]
["CIEGA","1000","PN6","","1175","","52","","28","30","1120","DIN 2527 (Antigua)","EN-1092-1 TIPO 05","BRIDA CIEGA EN-1092-1 TIPO 05 PN6"]
["CIEGA","1200","PN6","","1405","","60","","32","33","1340","DIN 2527 (Antigua)","EN-1092-1 TIPO 05","BRIDA CIEGA EN-1092-1 TIPO 05 PN6"]
["CIEGA","1400","PN6","","1630","","68","","36","36","1560","DIN 2527 (Antigua)","EN-1092-1 TIPO 05","BRIDA CIEGA EN-1092-1 TIPO 05 PN6"]
["CIEGA","1600","PN6","","1830","","76","","40","36","1760","DIN 2527 (Antigua)","EN-1092-1 TIPO 05","BRIDA CIEGA EN-1092-1 TIPO 05 PN6"]
["CIEGA","1800","PN6","","2045","","84","","44","39","1970","DIN 2527 (Antigua)","EN-1092-1 TIPO 05","BRIDA CIEGA EN-1092-1 TIPO 05 PN6"]
["CIEGA","2000","PN6","","2265","","92","","48","42","2180","DIN 2527 (Antigua)","EN-1092-1 TIPO 05","BRIDA CIEGA EN-1092-1 TIPO 05 PN6"]
["CIEGA","2200","PN6","","2475","","","","52","42","2390","DIN 2527 (Antigua)","EN-1092-1 TIPO 05","BRIDA CIEGA EN-1092-1 TIPO 05 PN6"]
["CIEGA","2400","PN6","","2685","","","","56","42","2600","DIN 2527 (Antigua)","EN-1092-1 TIPO 05","BRIDA CIEGA EN-1092-1 TIPO 05 PN6"]
["CIEGA","2600","PN6","","2905","","","","60","48","2710","DIN 2527 (Antigua)","EN-1092-1 TIPO 05","BRIDA CIEGA EN-1092-1 TIPO 05 PN6"]
["CIEGA","2800","PN6","","3115","","","","64","48","3020","DIN 2527 (Antigua)","EN-1092-1 TIPO 05","BRIDA CIEGA EN-1092-1 TIPO 05 PN6"]
["CIEGA","3000","PN6","","3315","","","","68","48","3220","DIN 2527 (Antigua)","EN-1092-1 TIPO 05","BRIDA CIEGA EN-1092-1 TIPO 05 PN6"]
["CIEGA","3200","PN6","","3525","","","","72","48","3430","DIN 2527 (Antigua)","EN-1092-1 TIPO 05","BRIDA CIEGA EN-1092-1 TIPO 05 PN6"]
["CIEGA","3400","PN6","","3735","","","","76","48","3640","DIN 2527 (Antigua)","EN-1092-1 TIPO 05","BRIDA CIEGA EN-1092-1 TIPO 05 PN6"]
["CIEGA","3600","PN6","","3970","","","","80","56","3860","DIN 2527 (Antigua)","EN-1092-1 TIPO 05","BRIDA CIEGA EN-1092-1 TIPO 05 PN6"]
["CIEGA","10","PN10","","90","","16","","4","14","60","DIN 2527 (Antigua)","EN-1092-1 TIPO 05","BRIDA CIEGA EN-1092-1 TIPO 05 PN10"]
["CIEGA","15","PN10","","95","","16","","4","14","65","DIN 2527 (Antigua)","EN-1092-1 TIPO 05","BRIDA CIEGA EN-1092-1 TIPO 05 PN10"]
["CIEGA","20","PN10","","105","","18","","4","14","75","DIN 2527 (Antigua)","EN-1092-1 TIPO 05","BRIDA CIEGA EN-1092-1 TIPO 05 PN10"]
["CIEGA","25","PN10","","115","","18","","4","14","85","DIN 2527 (Antigua)","EN-1092-1 TIPO 05","BRIDA CIEGA EN-1092-1 TIPO 05 PN10"]
["CIEGA","32","PN10","","140","","18","","4","18","100","DIN 2527 (Antigua)","EN-1092-1 TIPO 05","BRIDA CIEGA EN-1092-1 TIPO 05 PN10"]
["CIEGA","40","PN10","","150","","18","","4","18","110","DIN 2527 (Antigua)","EN-1092-1 TIPO 05","BRIDA CIEGA EN-1092-1 TIPO 05 PN10"]
["CIEGA","50","PN10","","165","","18","","4","18","125","DIN 2527 (Antigua)","EN-1092-1 TIPO 05","BRIDA CIEGA EN-1092-1 TIPO 05 PN10"]
["CIEGA","65","PN10","","185","","18","","8","18","145","DIN 2527 (Antigua)","EN-1092-1 TIPO 05","BRIDA CIEGA EN-1092-1 TIPO 05 PN10"]
["CIEGA","80","PN10","","200","","20","","8","18","160","DIN 2527 (Antigua)","EN-1092-1 TIPO 05","BRIDA CIEGA EN-1092-1 TIPO 05 PN10"]
["CIEGA","100","PN10","","220","","20","","8","18","180","DIN 2527 (Antigua)","EN-1092-1 TIPO 05","BRIDA CIEGA EN-1092-1 TIPO 05 PN10"]
["CIEGA","125","PN10","","250","","22","","8","18","210","DIN 2527 (Antigua)","EN-1092-1 TIPO 05","BRIDA CIEGA EN-1092-1 TIPO 05 PN10"]
["CIEGA","150","PN10","","285","","22","","8","22","240","DIN 2527 (Antigua)","EN-1092-1 TIPO 05","BRIDA CIEGA EN-1092-1 TIPO 05 PN10"]
["CIEGA","200","PN10","","340","","24","","8","22","295","DIN 2527 (Antigua)","EN-1092-1 TIPO 05","BRIDA CIEGA EN-1092-1 TIPO 05 PN10"]
["CIEGA","250","PN10","","395","","26","","12","22","350","DIN 2527 (Antigua)","EN-1092-1 TIPO 05","BRIDA CIEGA EN-1092-1 TIPO 05 PN10"]
["CIEGA","300","PN10","","445","","26","","12","22","400","DIN 2527 (Antigua)","EN-1092-1 TIPO 05","BRIDA CIEGA EN-1092-1 TIPO 05 PN10"]
["CIEGA","350","PN10","","505","","26","","16","22","460","DIN 2527 (Antigua)","EN-1092-1 TIPO 05","BRIDA CIEGA EN-1092-1 TIPO 05 PN10"]
["CIEGA","400","PN10","","565","","26","","16","26","515","DIN 2527 (Antigua)","EN-1092-1 TIPO 05","BRIDA CIEGA EN-1092-1 TIPO 05 PN10"]
["CIEGA","450","PN10","","615","","28","","20","26","565","DIN 2527 (Antigua)","EN-1092-1 TIPO 05","BRIDA CIEGA EN-1092-1 TIPO 05 PN10"]
["CIEGA","500","PN10","","670","","28","","20","26","620","DIN 2527 (Antigua)","EN-1092-1 TIPO 05","BRIDA CIEGA EN-1092-1 TIPO 05 PN10"]
["CIEGA","600","PN10","","780","","34","","20","30","725","DIN 2527 (Antigua)","EN-1092-1 TIPO 05","BRIDA CIEGA EN-1092-1 TIPO 05 PN10"]
["CIEGA","700","PN10","","895","","38","","24","30","840","DIN 2527 (Antigua)","EN-1092-1 TIPO 05","BRIDA CIEGA EN-1092-1 TIPO 05 PN10"]
["CIEGA","800","PN10","","1015","","48","","24","33","950","DIN 2527 (Antigua)","EN-1092-1 TIPO 05","BRIDA CIEGA EN-1092-1 TIPO 05 PN10"]
["CIEGA","900","PN10","","1115","","50","","28","33","1050","DIN 2527 (Antigua)","EN-1092-1 TIPO 05","BRIDA CIEGA EN-1092-1 TIPO 05 PN10"]
["CIEGA","1000","PN10","","1230","","54","","28","36","1160","DIN 2527 (Antigua)","EN-1092-1 TIPO 05","BRIDA CIEGA EN-1092-1 TIPO 05 PN10"]
["CIEGA","1200","PN10","","1455","","66","","32","39","1380","DIN 2527 (Antigua)","EN-1092-1 TIPO 05","BRIDA CIEGA EN-1092-1 TIPO 05 PN10"]
["CIEGA","1400","PN10","","1675","","","","36","42","1590","DIN 2527 (Antigua)","EN-1092-1 TIPO 05","BRIDA CIEGA EN-1092-1 TIPO 05 PN10"]
["CIEGA","1600","PN10","","1915","","","","40","48","1820","DIN 2527 (Antigua)","EN-1092-1 TIPO 05","BRIDA CIEGA EN-1092-1 TIPO 05 PN10"]
["CIEGA","1800","PN10","","2115","","","","44","48","2020","DIN 2527 (Antigua)","EN-1092-1 TIPO 05","BRIDA CIEGA EN-1092-1 TIPO 05 PN10"]
["CIEGA","2000","PN10","","2325","","","","48","48","2230","DIN 2527 (Antigua)","EN-1092-1 TIPO 05","BRIDA CIEGA EN-1092-1 TIPO 05 PN10"]
["CIEGA","2200","PN10","","2550","","","","52","56","2440","DIN 2527 (Antigua)","EN-1092-1 TIPO 05","BRIDA CIEGA EN-1092-1 TIPO 05 PN10"]
["CIEGA","2400","PN10","","2760","","","","56","56","2650","DIN 2527 (Antigua)","EN-1092-1 TIPO 05","BRIDA CIEGA EN-1092-1 TIPO 05 PN10"]
["CIEGA","2600","PN10","","2960","","","","60","56","2850","DIN 2527 (Antigua)","EN-1092-1 TIPO 05","BRIDA CIEGA EN-1092-1 TIPO 05 PN10"]
["CIEGA","2800","PN10","","3180","","","","64","56","3070","DIN 2527 (Antigua)","EN-1092-1 TIPO 05","BRIDA CIEGA EN-1092-1 TIPO 05 PN10"]
["CIEGA","3000","PN10","","3405","","","","68","62","3290","DIN 2527 (Antigua)","EN-1092-1 TIPO 05","BRIDA CIEGA EN-1092-1 TIPO 05 PN10"]
["CIEGA","10","PN16","","90","","16","","4","14","60","DIN 2527 (Antigua)","EN-1092-1 TIPO 05","BRIDA CIEGA EN-1092-1 TIPO 05 PN16"]
["CIEGA","15","PN16","","95","","16","","4","14","65","DIN 2527 (Antigua)","EN-1092-1 TIPO 05","BRIDA CIEGA EN-1092-1 TIPO 05 PN16"]
["CIEGA","20","PN16","","105","","18","","4","14","75","DIN 2527 (Antigua)","EN-1092-1 TIPO 05","BRIDA CIEGA EN-1092-1 TIPO 05 PN16"]
["CIEGA","25","PN16","","115","","18","","4","14","85","DIN 2527 (Antigua)","EN-1092-1 TIPO 05","BRIDA CIEGA EN-1092-1 TIPO 05 PN16"]
["CIEGA","32","PN16","","140","","18","","4","18","100","DIN 2527 (Antigua)","EN-1092-1 TIPO 05","BRIDA CIEGA EN-1092-1 TIPO 05 PN16"]
["CIEGA","40","PN16","","150","","18","","4","18","110","DIN 2527 (Antigua)","EN-1092-1 TIPO 05","BRIDA CIEGA EN-1092-1 TIPO 05 PN16"]
["CIEGA","50","PN16","","165","","18","","4","18","125","DIN 2527 (Antigua)","EN-1092-1 TIPO 05","BRIDA CIEGA EN-1092-1 TIPO 05 PN16"]
["CIEGA","65","PN16","","185","","18","","8","18","145","DIN 2527 (Antigua)","EN-1092-1 TIPO 05","BRIDA CIEGA EN-1092-1 TIPO 05 PN16"]
["CIEGA","80","PN16","","200","","20","","8","18","160","DIN 2527 (Antigua)","EN-1092-1 TIPO 05","BRIDA CIEGA EN-1092-1 TIPO 05 PN16"]
["CIEGA","100","PN16","","220","","20","","8","18","180","DIN 2527 (Antigua)","EN-1092-1 TIPO 05","BRIDA CIEGA EN-1092-1 TIPO 05 PN16"]
["CIEGA","125","PN16","","250","","22","","8","18","210","DIN 2527 (Antigua)","EN-1092-1 TIPO 05","BRIDA CIEGA EN-1092-1 TIPO 05 PN16"]
["CIEGA","150","PN16","","285","","22","","8","22","240","DIN 2527 (Antigua)","EN-1092-1 TIPO 05","BRIDA CIEGA EN-1092-1 TIPO 05 PN16"]
["CIEGA","200","PN16","","340","","24","","12","22","295","DIN 2527 (Antigua)","EN-1092-1 TIPO 05","BRIDA CIEGA EN-1092-1 TIPO 05 PN16"]
["CIEGA","250","PN16","","405","","26","","12","26","355","DIN 2527 (Antigua)","EN-1092-1 TIPO 05","BRIDA CIEGA EN-1092-1 TIPO 05 PN16"]
["CIEGA","300","PN16","","460","","28","","12","26","410","DIN 2527 (Antigua)","EN-1092-1 TIPO 05","BRIDA CIEGA EN-1092-1 TIPO 05 PN16"]
["CIEGA","350","PN16","","520","","30","","16","26","470","DIN 2527 (Antigua)","EN-1092-1 TIPO 05","BRIDA CIEGA EN-1092-1 TIPO 05 PN16"]
["CIEGA","400","PN16","","580","","32","","16","30","525","DIN 2527 (Antigua)","EN-1092-1 TIPO 05","BRIDA CIEGA EN-1092-1 TIPO 05 PN16"]
["CIEGA","450","PN16","","640","","40","","20","30","585","DIN 2527 (Antigua)","EN-1092-1 TIPO 05","BRIDA CIEGA EN-1092-1 TIPO 05 PN16"]
["CIEGA","500","PN16","","715","","44","","20","33","650","DIN 2527 (Antigua)","EN-1092-1 TIPO 05","BRIDA CIEGA EN-1092-1 TIPO 05 PN16"]
["CIEGA","600","PN16","","840","","54","","20","36","770","DIN 2527 (Antigua)","EN-1092-1 TIPO 05","BRIDA CIEGA EN-1092-1 TIPO 05 PN16"]
["CIEGA","700","PN16","","910","","58","","24","36","840","DIN 2527 (Antigua)","EN-1092-1 TIPO 05","BRIDA CIEGA EN-1092-1 TIPO 05 PN16"]
["CIEGA","800","PN16","","1025","","62","","24","39","950","DIN 2527 (Antigua)","EN-1092-1 TIPO 05","BRIDA CIEGA EN-1092-1 TIPO 05 PN16"]
["CIEGA","900","PN16","","1125","","64","","28","39","1050","DIN 2527 (Antigua)","EN-1092-1 TIPO 05","BRIDA CIEGA EN-1092-1 TIPO 05 PN16"]
["CIEGA","1000","PN16","","1255","","68","","28","42","1170","DIN 2527 (Antigua)","EN-1092-1 TIPO 05","BRIDA CIEGA EN-1092-1 TIPO 05 PN16"]
["CIEGA","1200","PN16","","1485","","","","32","48","1390","DIN 2527 (Antigua)","EN-1092-1 TIPO 05","BRIDA CIEGA EN-1092-1 TIPO 05 PN16"]
["CIEGA","1400","PN16","","1685","","","","36","48","1590","DIN 2527 (Antigua)","EN-1092-1 TIPO 05","BRIDA CIEGA EN-1092-1 TIPO 05 PN16"]
["CIEGA","1600","PN16","","1930","","","","40","56","1820","DIN 2527 (Antigua)","EN-1092-1 TIPO 05","BRIDA CIEGA EN-1092-1 TIPO 05 PN16"]
["CIEGA","1800","PN16","","2130","","","","44","56","2020","DIN 2527 (Antigua)","EN-1092-1 TIPO 05","BRIDA CIEGA EN-1092-1 TIPO 05 PN16"]
["CIEGA","2000","PN16","","2345","","","","48","62","2230","DIN 2527 (Antigua)","EN-1092-1 TIPO 05","BRIDA CIEGA EN-1092-1 TIPO 05 PN16"]
["CIEGA","10","PN25","","90","","16","","4","14","60","DIN 2527 (Antigua)","EN-1092-1 TIPO 05","BRIDA CIEGA EN-1092-1 TIPO 05 PN25"]
["CIEGA","15","PN25","","95","","16","","4","14","65","DIN 2527 (Antigua)","EN-1092-1 TIPO 05","BRIDA CIEGA EN-1092-1 TIPO 05 PN25"]
["CIEGA","20","PN25","","105","","18","","4","14","75","DIN 2527 (Antigua)","EN-1092-1 TIPO 05","BRIDA CIEGA EN-1092-1 TIPO 05 PN25"]
["CIEGA","25","PN25","","115","","18","","4","14","85","DIN 2527 (Antigua)","EN-1092-1 TIPO 05","BRIDA CIEGA EN-1092-1 TIPO 05 PN25"]
["CIEGA","32","PN25","","140","","18","","4","18","100","DIN 2527 (Antigua)","EN-1092-1 TIPO 05","BRIDA CIEGA EN-1092-1 TIPO 05 PN25"]
["CIEGA","40","PN25","","150","","18","","4","18","110","DIN 2527 (Antigua)","EN-1092-1 TIPO 05","BRIDA CIEGA EN-1092-1 TIPO 05 PN25"]
["CIEGA","50","PN25","","165","","20","","4","18","125","DIN 2527 (Antigua)","EN-1092-1 TIPO 05","BRIDA CIEGA EN-1092-1 TIPO 05 PN25"]
["CIEGA","65","PN25","","185","","22","","8","18","145","DIN 2527 (Antigua)","EN-1092-1 TIPO 05","BRIDA CIEGA EN-1092-1 TIPO 05 PN25"]
["CIEGA","80","PN25","","200","","24","","8","18","160","DIN 2527 (Antigua)","EN-1092-1 TIPO 05","BRIDA CIEGA EN-1092-1 TIPO 05 PN25"]
["CIEGA","100","PN25","","235","","24","","8","22","190","DIN 2527 (Antigua)","EN-1092-1 TIPO 05","BRIDA CIEGA EN-1092-1 TIPO 05 PN25"]
["CIEGA","125","PN25","","270","","26","","8","26","220","DIN 2527 (Antigua)","EN-1092-1 TIPO 05","BRIDA CIEGA EN-1092-1 TIPO 05 PN25"]
["CIEGA","150","PN25","","300","","28","","8","26","250","DIN 2527 (Antigua)","EN-1092-1 TIPO 05","BRIDA CIEGA EN-1092-1 TIPO 05 PN25"]
["CIEGA","200","PN25","","360","","30","","12","26","310","DIN 2527 (Antigua)","EN-1092-1 TIPO 05","BRIDA CIEGA EN-1092-1 TIPO 05 PN25"]
["CIEGA","250","PN25","","425","","32","","12","30","370","DIN 2527 (Antigua)","EN-1092-1 TIPO 05","BRIDA CIEGA EN-1092-1 TIPO 05 PN25"]
["CIEGA","300","PN25","","485","","34","","16","30","430","DIN 2527 (Antigua)","EN-1092-1 TIPO 05","BRIDA CIEGA EN-1092-1 TIPO 05 PN25"]
["CIEGA","350","PN25","","555","","38","","16","33","490","DIN 2527 (Antigua)","EN-1092-1 TIPO 05","BRIDA CIEGA EN-1092-1 TIPO 05 PN25"]
["CIEGA","400","PN25","","620","","40","","16","36","550","DIN 2527 (Antigua)","EN-1092-1 TIPO 05","BRIDA CIEGA EN-1092-1 TIPO 05 PN25"]
["CIEGA","450","PN25","","670","","50","","20","36","600","DIN 2527 (Antigua)","EN-1092-1 TIPO 05","BRIDA CIEGA EN-1092-1 TIPO 05 PN25"]
["CIEGA","500","PN25","","730","","51","","20","36","660","DIN 2527 (Antigua)","EN-1092-1 TIPO 05","BRIDA CIEGA EN-1092-1 TIPO 05 PN25"]
["CIEGA","600","PN25","","845","","66","","20","39","770","DIN 2527 (Antigua)","EN-1092-1 TIPO 05","BRIDA CIEGA EN-1092-1 TIPO 05 PN25"]
["CIEGA","700","PN25","","960","","","","24","42","875","DIN 2527 (Antigua)","EN-1092-1 TIPO 05","BRIDA CIEGA EN-1092-1 TIPO 05 PN25"]
["CIEGA","800","PN25","","1085","","","","24","48","990","DIN 2527 (Antigua)","EN-1092-1 TIPO 05","BRIDA CIEGA EN-1092-1 TIPO 05 PN25"]
["CIEGA","900","PN25","","1158","","","","28","48","1090","DIN 2527 (Antigua)","EN-1092-1 TIPO 05","BRIDA CIEGA EN-1092-1 TIPO 05 PN25"]
["CIEGA","1000","PN25","","1320","","","","28","56","1210","DIN 2527 (Antigua)","EN-1092-1 TIPO 05","BRIDA CIEGA EN-1092-1 TIPO 05 PN25"]
["CIEGA","1200","PN25","","1530","","","","32","56","1420","DIN 2527 (Antigua)","EN-1092-1 TIPO 05","BRIDA CIEGA EN-1092-1 TIPO 05 PN25"]
["CIEGA","1400","PN25","","1755","","","","36","62","1640","DIN 2527 (Antigua)","EN-1092-1 TIPO 05","BRIDA CIEGA EN-1092-1 TIPO 05 PN25"]
["CIEGA","1600","PN25","","1975","","","","40","62","1860","DIN 2527 (Antigua)","EN-1092-1 TIPO 05","BRIDA CIEGA EN-1092-1 TIPO 05 PN25"]
["CIEGA","1800","PN25","","2195","","","","44","70","2070","DIN 2527 (Antigua)","EN-1092-1 TIPO 05","BRIDA CIEGA EN-1092-1 TIPO 05 PN25"]
["CIEGA","2000","PN25","","2425","","","","48","70","2300","DIN 2527 (Antigua)","EN-1092-1 TIPO 05","BRIDA CIEGA EN-1092-1 TIPO 05 PN25"]
["CIEGA","10","PN40","","90","","16","","4","14","60","DIN 2527 (Antigua)","EN-1092-1 TIPO 05","BRIDA CIEGA EN-1092-1 TIPO 05 PN40"]
["CIEGA","15","PN40","","95","","16","","4","14","65","DIN 2527 (Antigua)","EN-1092-1 TIPO 05","BRIDA CIEGA EN-1092-1 TIPO 05 PN40"]
["CIEGA","20","PN40","","105","","18","","4","14","75","DIN 2527 (Antigua)","EN-1092-1 TIPO 05","BRIDA CIEGA EN-1092-1 TIPO 05 PN40"]
["CIEGA","25","PN40","","115","","18","","4","14","85","DIN 2527 (Antigua)","EN-1092-1 TIPO 05","BRIDA CIEGA EN-1092-1 TIPO 05 PN40"]
["CIEGA","32","PN40","","140","","18","","4","18","100","DIN 2527 (Antigua)","EN-1092-1 TIPO 05","BRIDA CIEGA EN-1092-1 TIPO 05 PN40"]
["CIEGA","40","PN40","","150","","18","","4","18","110","DIN 2527 (Antigua)","EN-1092-1 TIPO 05","BRIDA CIEGA EN-1092-1 TIPO 05 PN40"]
["CIEGA","50","PN40","","165","","20","","4","18","125","DIN 2527 (Antigua)","EN-1092-1 TIPO 05","BRIDA CIEGA EN-1092-1 TIPO 05 PN40"]
["CIEGA","65","PN40","","185","","22","","8","18","145","DIN 2527 (Antigua)","EN-1092-1 TIPO 05","BRIDA CIEGA EN-1092-1 TIPO 05 PN40"]
["CIEGA","80","PN40","","200","","24","","8","18","160","DIN 2527 (Antigua)","EN-1092-1 TIPO 05","BRIDA CIEGA EN-1092-1 TIPO 05 PN40"]
["CIEGA","100","PN40","","235","","24","","8","22","190","DIN 2527 (Antigua)","EN-1092-1 TIPO 05","BRIDA CIEGA EN-1092-1 TIPO 05 PN40"]
["CIEGA","125","PN40","","270","","26","","8","26","220","DIN 2527 (Antigua)","EN-1092-1 TIPO 05","BRIDA CIEGA EN-1092-1 TIPO 05 PN40"]
["CIEGA","150","PN40","","300","","28","","8","26","250","DIN 2527 (Antigua)","EN-1092-1 TIPO 05","BRIDA CIEGA EN-1092-1 TIPO 05 PN40"]
["CIEGA","200","PN40","","375","","36","","12","30","320","DIN 2527 (Antigua)","EN-1092-1 TIPO 05","BRIDA CIEGA EN-1092-1 TIPO 05 PN40"]
["CIEGA","250","PN40","","450","","38","","12","33","385","DIN 2527 (Antigua)","EN-1092-1 TIPO 05","BRIDA CIEGA EN-1092-1 TIPO 05 PN40"]
["CIEGA","300","PN40","","515","","42","","16","33","450","DIN 2527 (Antigua)","EN-1092-1 TIPO 05","BRIDA CIEGA EN-1092-1 TIPO 05 PN40"]
["CIEGA","350","PN40","","580","","46","","16","36","510","DIN 2527 (Antigua)","EN-1092-1 TIPO 05","BRIDA CIEGA EN-1092-1 TIPO 05 PN40"]
["CIEGA","400","PN40","","660","","50","","16","39","585","DIN 2527 (Antigua)","EN-1092-1 TIPO 05","BRIDA CIEGA EN-1092-1 TIPO 05 PN40"]
["CIEGA","450","PN40","","685","","57","","20","39","610","DIN 2527 (Antigua)","EN-1092-1 TIPO 05","BRIDA CIEGA EN-1092-1 TIPO 05 PN40"]
["CIEGA","500","PN40","","755","","57","","20","42","670","DIN 2527 (Antigua)","EN-1092-1 TIPO 05","BRIDA CIEGA EN-1092-1 TIPO 05 PN40"]
["CIEGA","600","PN40","","890","","72","","20","48","795","DIN 2527 (Antigua)","EN-1092-1 TIPO 05","BRIDA CIEGA EN-1092-1 TIPO 05 PN40"]
["CIEGA","700","PN40","","995","","","","24","48","900","DIN 2527 (Antigua)","EN-1092-1 TIPO 05","BRIDA CIEGA EN-1092-1 TIPO 05 PN40"]
["CIEGA","800","PN40","","1140","","","","24","56","1030","DIN 2527 (Antigua)","EN-1092-1 TIPO 05","BRIDA CIEGA EN-1092-1 TIPO 05 PN40"]
["CIEGA","900","PN40","","1250","","","","28","56","1140","DIN 2527 (Antigua)","EN-1092-1 TIPO 05","BRIDA CIEGA EN-1092-1 TIPO 05 PN40"]
["CIEGA","1000","PN40","","1360","","","","28","56","1250","DIN 2527 (Antigua)","EN-1092-1 TIPO 05","BRIDA CIEGA EN-1092-1 TIPO 05 PN40"]
["CIEGA","1200","PN40","","1575","","","","32","62","1460","DIN 2527 (Antigua)","EN-1092-1 TIPO 05","BRIDA CIEGA EN-1092-1 TIPO 05 PN40"]
["CIEGA","1400","PN40","","1795","","","","36","62","1680","DIN 2527 (Antigua)","EN-1092-1 TIPO 05","BRIDA CIEGA EN-1092-1 TIPO 05 PN40"]
["CIEGA","1600","PN40","","2025","","","","40","70","1900","DIN 2527 (Antigua)","EN-1092-1 TIPO 05","BRIDA CIEGA EN-1092-1 TIPO 05 PN40"]
["CIEGA","10","PN63","","100","","20","","4","14","70","DIN 2527 (Antigua)","EN-1092-1 TIPO 05","BRIDA CIEGA EN-1092-1 TIPO 05 PN63"]
["CIEGA","15","PN63","","105","","20","","4","14","75","DIN 2527 (Antigua)","EN-1092-1 TIPO 05","BRIDA CIEGA EN-1092-1 TIPO 05 PN63"]
["CIEGA","20","PN63","","130","","22","","4","18","90","DIN 2527 (Antigua)","EN-1092-1 TIPO 05","BRIDA CIEGA EN-1092-1 TIPO 05 PN63"]
["CIEGA","25","PN63","","140","","24","","4","18","100","DIN 2527 (Antigua)","EN-1092-1 TIPO 05","BRIDA CIEGA EN-1092-1 TIPO 05 PN63"]
["CIEGA","32","PN63","","155","","24","","4","22","110","DIN 2527 (Antigua)","EN-1092-1 TIPO 05","BRIDA CIEGA EN-1092-1 TIPO 05 PN63"]
["CIEGA","40","PN63","","170","","26","","4","22","125","DIN 2527 (Antigua)","EN-1092-1 TIPO 05","BRIDA CIEGA EN-1092-1 TIPO 05 PN63"]
["CIEGA","50","PN63","","180","","26","","4","22","135","DIN 2527 (Antigua)","EN-1092-1 TIPO 05","BRIDA CIEGA EN-1092-1 TIPO 05 PN63"]
["CIEGA","65","PN63","","205","","26","","8","22","160","DIN 2527 (Antigua)","EN-1092-1 TIPO 05","BRIDA CIEGA EN-1092-1 TIPO 05 PN63"]
["CIEGA","80","PN63","","215","","28","","8","22","170","DIN 2527 (Antigua)","EN-1092-1 TIPO 05","BRIDA CIEGA EN-1092-1 TIPO 05 PN63"]
["CIEGA","100","PN63","","250","","30","","8","26","200","DIN 2527 (Antigua)","EN-1092-1 TIPO 05","BRIDA CIEGA EN-1092-1 TIPO 05 PN63"]
["CIEGA","125","PN63","","295","","34","","8","30","240","DIN 2527 (Antigua)","EN-1092-1 TIPO 05","BRIDA CIEGA EN-1092-1 TIPO 05 PN63"]
["CIEGA","150","PN63","","345","","36","","8","33","280","DIN 2527 (Antigua)","EN-1092-1 TIPO 05","BRIDA CIEGA EN-1092-1 TIPO 05 PN63"]
["CIEGA","200","PN63","","415","","42","","12","36","345","DIN 2527 (Antigua)","EN-1092-1 TIPO 05","BRIDA CIEGA EN-1092-1 TIPO 05 PN63"]
["CIEGA","250","PN63","","470","","46","","12","36","400","DIN 2527 (Antigua)","EN-1092-1 TIPO 05","BRIDA CIEGA EN-1092-1 TIPO 05 PN63"]
["CIEGA","300","PN63","","530","","52","","16","36","460","DIN 2527 (Antigua)","EN-1092-1 TIPO 05","BRIDA CIEGA EN-1092-1 TIPO 05 PN63"]
["CIEGA","350","PN63","","600","","56","","16","39","525","DIN 2527 (Antigua)","EN-1092-1 TIPO 05","BRIDA CIEGA EN-1092-1 TIPO 05 PN63"]
["CIEGA","400","PN63","","670","","60","","16","42","585","DIN 2527 (Antigua)","EN-1092-1 TIPO 05","BRIDA CIEGA EN-1092-1 TIPO 05 PN63"]
["CIEGA","500","PN63","","800","","","","20","48","705","DIN 2527 (Antigua)","EN-1092-1 TIPO 05","BRIDA CIEGA EN-1092-1 TIPO 05 PN63"]
["CIEGA","600","PN63","","930","","","","20","56","820","DIN 2527 (Antigua)","EN-1092-1 TIPO 05","BRIDA CIEGA EN-1092-1 TIPO 05 PN63"]
["CIEGA","700","PN63","","1045","","","","24","56","935","DIN 2527 (Antigua)","EN-1092-1 TIPO 05","BRIDA CIEGA EN-1092-1 TIPO 05 PN63"]
["CIEGA","800","PN63","","1165","","","","24","62","1050","DIN 2527 (Antigua)","EN-1092-1 TIPO 05","BRIDA CIEGA EN-1092-1 TIPO 05 PN63"]
["CIEGA","900","PN63","","1285","","","","28","62","1170","DIN 2527 (Antigua)","EN-1092-1 TIPO 05","BRIDA CIEGA EN-1092-1 TIPO 05 PN63"]
["CIEGA","1000","PN63","","1415","","","","28","70","1290","DIN 2527 (Antigua)","EN-1092-1 TIPO 05","BRIDA CIEGA EN-1092-1 TIPO 05 PN63"]
["CIEGA","1200","PN63","","1665","","","","32","78","1530","DIN 2527 (Antigua)","EN-1092-1 TIPO 05","BRIDA CIEGA EN-1092-1 TIPO 05 PN63"]
["CIEGA","10","PN100","","100","","20","","4","14","70","DIN 2527 (Antigua)","EN-1092-1 TIPO 05","BRIDA CIEGA EN-1092-1 TIPO 05 PN100"]
["CIEGA","15","PN100","","105","","20","","4","14","75","DIN 2527 (Antigua)","EN-1092-1 TIPO 05","BRIDA CIEGA EN-1092-1 TIPO 05 PN100"]
["CIEGA","20","PN100","","130","","22","","4","18","90","DIN 2527 (Antigua)","EN-1092-1 TIPO 05","BRIDA CIEGA EN-1092-1 TIPO 05 PN100"]
["CIEGA","25","PN100","","140","","24","","4","18","100","DIN 2527 (Antigua)","EN-1092-1 TIPO 05","BRIDA CIEGA EN-1092-1 TIPO 05 PN100"]
["CIEGA","32","PN100","","155","","24","","4","22","110","DIN 2527 (Antigua)","EN-1092-1 TIPO 05","BRIDA CIEGA EN-1092-1 TIPO 05 PN100"]
["CIEGA","40","PN100","","170","","26","","4","22","125","DIN 2527 (Antigua)","EN-1092-1 TIPO 05","BRIDA CIEGA EN-1092-1 TIPO 05 PN100"]
["CIEGA","50","PN100","","195","","28","","4","26","145","DIN 2527 (Antigua)","EN-1092-1 TIPO 05","BRIDA CIEGA EN-1092-1 TIPO 05 PN100"]
["CIEGA","65","PN100","","220","","30","","8","26","170","DIN 2527 (Antigua)","EN-1092-1 TIPO 05","BRIDA CIEGA EN-1092-1 TIPO 05 PN100"]
["CIEGA","80","PN100","","230","","32","","8","26","180","DIN 2527 (Antigua)","EN-1092-1 TIPO 05","BRIDA CIEGA EN-1092-1 TIPO 05 PN100"]
["CIEGA","100","PN100","","265","","36","","8","30","210","DIN 2527 (Antigua)","EN-1092-1 TIPO 05","BRIDA CIEGA EN-1092-1 TIPO 05 PN100"]
["CIEGA","125","PN100","","315","","40","","8","33","250","DIN 2527 (Antigua)","EN-1092-1 TIPO 05","BRIDA CIEGA EN-1092-1 TIPO 05 PN100"]
["CIEGA","150","PN100","","355","","44","","12","33","290","DIN 2527 (Antigua)","EN-1092-1 TIPO 05","BRIDA CIEGA EN-1092-1 TIPO 05 PN100"]
["CIEGA","200","PN100","","430","","52","","12","36","360","DIN 2527 (Antigua)","EN-1092-1 TIPO 05","BRIDA CIEGA EN-1092-1 TIPO 05 PN100"]
["CIEGA","250","PN100","","505","","60","","12","39","430","DIN 2527 (Antigua)","EN-1092-1 TIPO 05","BRIDA CIEGA EN-1092-1 TIPO 05 PN100"]
["CIEGA","300","PN100","","585","","68","","16","42","500","DIN 2527 (Antigua)","EN-1092-1 TIPO 05","BRIDA CIEGA EN-1092-1 TIPO 05 PN100"]
["CIEGA","350","PN100","","655","","74","","16","48","560","DIN 2527 (Antigua)","EN-1092-1 TIPO 05","BRIDA CIEGA EN-1092-1 TIPO 05 PN100"]
["CIEGA","400","PN100","","715","","","","16","48","620","DIN 2527 (Antigua)","EN-1092-1 TIPO 05","BRIDA CIEGA EN-1092-1 TIPO 05 PN100"]
["CIEGA","500","PN100","","870","","","","20","56","760","DIN 2527 (Antigua)","EN-1092-1 TIPO 05","BRIDA CIEGA EN-1092-1 TIPO 05 PN100"]
["CIEGA","10","PN160","","100","","20","","4","14","70","DIN 2527 (Antigua)","EN-1092-1 TIPO 05","BRIDA CIEGA EN-1092-1 TIPO 05 PN160"]
["CIEGA","15","PN160","","105","","20","","4","14","75","DIN 2527 (Antigua)","EN-1092-1 TIPO 05","BRIDA CIEGA EN-1092-1 TIPO 05 PN160"]
["CIEGA","25","PN160","","140","","24","","4","18","100","DIN 2527 (Antigua)","EN-1092-1 TIPO 05","BRIDA CIEGA EN-1092-1 TIPO 05 PN160"]
["CIEGA","40","PN160","","170","","28","","4","22","125","DIN 2527 (Antigua)","EN-1092-1 TIPO 05","BRIDA CIEGA EN-1092-1 TIPO 05 PN160"]
["CIEGA","50","PN160","","195","","30","","4","26","145","DIN 2527 (Antigua)","EN-1092-1 TIPO 05","BRIDA CIEGA EN-1092-1 TIPO 05 PN160"]
["CIEGA","65","PN160","","220","","34","","8","26","170","DIN 2527 (Antigua)","EN-1092-1 TIPO 05","BRIDA CIEGA EN-1092-1 TIPO 05 PN160"]
["CIEGA","80","PN160","","230","","36","","8","26","180","DIN 2527 (Antigua)","EN-1092-1 TIPO 05","BRIDA CIEGA EN-1092-1 TIPO 05 PN160"]
["CIEGA","100","PN160","","265","","40","","8","30","210","DIN 2527 (Antigua)","EN-1092-1 TIPO 05","BRIDA CIEGA EN-1092-1 TIPO 05 PN160"]
["CIEGA","125","PN160","","315","","44","","8","33","250","DIN 2527 (Antigua)","EN-1092-1 TIPO 05","BRIDA CIEGA EN-1092-1 TIPO 05 PN160"]
["CIEGA","150","PN160","","355","","50","","12","33","290","DIN 2527 (Antigua)","EN-1092-1 TIPO 05","BRIDA CIEGA EN-1092-1 TIPO 05 PN160"]
["CIEGA","200","PN160","","430","","62","","12","36","360","DIN 2527 (Antigua)","EN-1092-1 TIPO 05","BRIDA CIEGA EN-1092-1 TIPO 05 PN160"]
["CIEGA","250","PN160","","515","","72","","12","42","430","DIN 2527 (Antigua)","EN-1092-1 TIPO 05","BRIDA CIEGA EN-1092-1 TIPO 05 PN160"]
["CIEGA","300","PN160","","585","","84","","16","42","500","DIN 2527 (Antigua)","EN-1092-1 TIPO 05","BRIDA CIEGA EN-1092-1 TIPO 05 PN160"]
["CIEGA","15","PN250","","130","","26","","4","18","90","DIN 2527 (Antigua)","EN-1092-1 TIPO 05","BRIDA CIEGA EN-1092-1 TIPO 05 PN250"]
["CIEGA","25","PN250","","150","","28","","4","22","105","DIN 2527 (Antigua)","EN-1092-1 TIPO 05","BRIDA CIEGA EN-1092-1 TIPO 05 PN250"]
["CIEGA","40","PN250","","185","","34","","4","26","135","DIN 2527 (Antigua)","EN-1092-1 TIPO 05","BRIDA CIEGA EN-1092-1 TIPO 05 PN250"]
["CIEGA","50","PN250","","200","","38","","8","26","150","DIN 2527 (Antigua)","EN-1092-1 TIPO 05","BRIDA CIEGA EN-1092-1 TIPO 05 PN250"]
["CIEGA","65","PN250","","230","","42","","8","26","180","DIN 2527 (Antigua)","EN-1092-1 TIPO 05","BRIDA CIEGA EN-1092-1 TIPO 05 PN250"]
["CIEGA","80","PN250","","255","","46","","8","30","200","DIN 2527 (Antigua)","EN-1092-1 TIPO 05","BRIDA CIEGA EN-1092-1 TIPO 05 PN250"]
["CIEGA","100","PN250","","300","","54","","8","33","235","DIN 2527 (Antigua)","EN-1092-1 TIPO 05","BRIDA CIEGA EN-1092-1 TIPO 05 PN250"]
["CIEGA","125","PN250","","340","","60","","12","33","275","DIN 2527 (Antigua)","EN-1092-1 TIPO 05","BRIDA CIEGA EN-1092-1 TIPO 05 PN250"]
["CIEGA","150","PN250","","390","","68","","12","36","320","DIN 2527 (Antigua)","EN-1092-1 TIPO 05","BRIDA CIEGA EN-1092-1 TIPO 05 PN250"]
["CIEGA","200","PN250","","485","","85","","12","42","400","DIN 2527 (Antigua)","EN-1092-1 TIPO 05","BRIDA CIEGA EN-1092-1 TIPO 05 PN250"]
["CIEGA","250","PN250","","585","","104","","16","48","490","DIN 2527 (Antigua)","EN-1092-1 TIPO 05","BRIDA CIEGA EN-1092-1 TIPO 05 PN250"]
["SLIP-ON","10","PN10","","90","18","16","","4","14","60","","EN-1092-1 TIPO 12","BRIDA SLIP-ON EN-1092-1 TIPO 12 PN10"]
["SLIP-ON","15","PN10","","95","22","16","","4","14","65","","EN-1092-1 TIPO 12","BRIDA SLIP-ON EN-1092-1 TIPO 12 PN10"]
["SLIP-ON","20","PN10","","105","27.5","18","","4","14","75","","EN-1092-1 TIPO 12","BRIDA SLIP-ON EN-1092-1 TIPO 12 PN10"]
["SLIP-ON","25","PN10","","115","34.5","18","","4","14","85","","EN-1092-1 TIPO 12","BRIDA SLIP-ON EN-1092-1 TIPO 12 PN10"]
["SLIP-ON","32","PN10","","140","43.5","18","","4","18","100","","EN-1092-1 TIPO 12","BRIDA SLIP-ON EN-1092-1 TIPO 12 PN10"]
["SLIP-ON","40","PN10","","150","49.5","18","","4","18","110","","EN-1092-1 TIPO 12","BRIDA SLIP-ON EN-1092-1 TIPO 12 PN10"]
["SLIP-ON","50","PN10","","165","61.5","18","","4","18","125","","EN-1092-1 TIPO 12","BRIDA SLIP-ON EN-1092-1 TIPO 12 PN10"]
["SLIP-ON","65","PN10","","185","77.5","18","","8","18","145","","EN-1092-1 TIPO 12","BRIDA SLIP-ON EN-1092-1 TIPO 12 PN10"]
["SLIP-ON","80","PN10","","200","90.5","20","","8","18","160","","EN-1092-1 TIPO 12","BRIDA SLIP-ON EN-1092-1 TIPO 12 PN10"]
["SLIP-ON","100","PN10","","220","116","20","","8","18","180","","EN-1092-1 TIPO 12","BRIDA SLIP-ON EN-1092-1 TIPO 12 PN10"]
["SLIP-ON","125","PN10","","250","141.5","22","","8","18","210","","EN-1092-1 TIPO 12","BRIDA SLIP-ON EN-1092-1 TIPO 12 PN10"]
["SLIP-ON","150","PN10","","285","170.5","22","","8","22","240","","EN-1092-1 TIPO 12","BRIDA SLIP-ON EN-1092-1 TIPO 12 PN10"]
["SLIP-ON","200","PN10","","340","221.5","24","","8","22","295","","EN-1092-1 TIPO 12","BRIDA SLIP-ON EN-1092-1 TIPO 12 PN10"]
["SLIP-ON","250","PN10","","395","276.5","26","","12","22","350","","EN-1092-1 TIPO 12","BRIDA SLIP-ON EN-1092-1 TIPO 12 PN10"]
["SLIP-ON","300","PN10","","445","327.5","26","","12","22","400","","EN-1092-1 TIPO 12","BRIDA SLIP-ON EN-1092-1 TIPO 12 PN10"]
["SLIP-ON","350","PN10","","505","359.5","26","","16","22","460","","EN-1092-1 TIPO 12","BRIDA SLIP-ON EN-1092-1 TIPO 12 PN10"]
["SLIP-ON","400","PN10","","565","411","26","","16","26","515","","EN-1092-1 TIPO 12","BRIDA SLIP-ON EN-1092-1 TIPO 12 PN10"]
["SLIP-ON","450","PN10","","615","462","28","","20","26","565","","EN-1092-1 TIPO 12","BRIDA SLIP-ON EN-1092-1 TIPO 12 PN10"]
["SLIP-ON","500","PN10","","670","513.5","28","","20","26","620","","EN-1092-1 TIPO 12","BRIDA SLIP-ON EN-1092-1 TIPO 12 PN10"]
["SLIP-ON","600","PN10","","780","616.5","30","","20","30","725","","EN-1092-1 TIPO 12","BRIDA SLIP-ON EN-1092-1 TIPO 12 PN10"]
["SLIP-ON","10","PN16","","90","18","16","","4","14","60","","EN-1092-1 TIPO 12","BRIDA SLIP-ON EN-1092-1 TIPO 12 PN16"]
["SLIP-ON","15","PN16","","95","22","16","","4","14","65","","EN-1092-1 TIPO 12","BRIDA SLIP-ON EN-1092-1 TIPO 12 PN16"]
["SLIP-ON","20","PN16","","105","27.5","18","","4","14","75","","EN-1092-1 TIPO 12","BRIDA SLIP-ON EN-1092-1 TIPO 12 PN16"]
["SLIP-ON","25","PN16","","115","34.5","18","","4","14","85","","EN-1092-1 TIPO 12","BRIDA SLIP-ON EN-1092-1 TIPO 12 PN16"]
["SLIP-ON","32","PN16","","140","43.5","18","","4","18","100","","EN-1092-1 TIPO 12","BRIDA SLIP-ON EN-1092-1 TIPO 12 PN16"]
["SLIP-ON","40","PN16","","150","49.5","18","","4","18","110","","EN-1092-1 TIPO 12","BRIDA SLIP-ON EN-1092-1 TIPO 12 PN16"]
["SLIP-ON","50","PN16","","165","61.5","18","","4","18","125","","EN-1092-1 TIPO 12","BRIDA SLIP-ON EN-1092-1 TIPO 12 PN16"]
["SLIP-ON","65","PN16","","185","77.5","18","","8","18","145","","EN-1092-1 TIPO 12","BRIDA SLIP-ON EN-1092-1 TIPO 12 PN16"]
["SLIP-ON","80","PN16","","200","90.5","20","","8","18","160","","EN-1092-1 TIPO 12","BRIDA SLIP-ON EN-1092-1 TIPO 12 PN16"]
["SLIP-ON","100","PN16","","220","116","20","","8","18","180","","EN-1092-1 TIPO 12","BRIDA SLIP-ON EN-1092-1 TIPO 12 PN16"]
["SLIP-ON","125","PN16","","250","141.5","22","","8","18","210","","EN-1092-1 TIPO 12","BRIDA SLIP-ON EN-1092-1 TIPO 12 PN16"]
["SLIP-ON","150","PN16","","285","170.5","22","","8","22","240","","EN-1092-1 TIPO 12","BRIDA SLIP-ON EN-1092-1 TIPO 12 PN16"]
["SLIP-ON","200","PN16","","340","221.5","24","","12","22","295","","EN-1092-1 TIPO 12","BRIDA SLIP-ON EN-1092-1 TIPO 12 PN16"]
["SLIP-ON","250","PN16","","405","276.5","26","","12","26","355","","EN-1092-1 TIPO 12","BRIDA SLIP-ON EN-1092-1 TIPO 12 PN16"]
["SLIP-ON","300","PN16","","460","327.5","28","","12","26","410","","EN-1092-1 TIPO 12","BRIDA SLIP-ON EN-1092-1 TIPO 12 PN16"]
["SLIP-ON","350","PN16","","520","359.5","30","","16","26","470","","EN-1092-1 TIPO 12","BRIDA SLIP-ON EN-1092-1 TIPO 12 PN16"]
["SLIP-ON","400","PN16","","580","411","32","","16","30","525","","EN-1092-1 TIPO 12","BRIDA SLIP-ON EN-1092-1 TIPO 12 PN16"]
["SLIP-ON","450","PN16","","640","462","34","","20","30","585","","EN-1092-1 TIPO 12","BRIDA SLIP-ON EN-1092-1 TIPO 12 PN16"]
["SLIP-ON","500","PN16","","715","513.5","36","","20","33","650","","EN-1092-1 TIPO 12","BRIDA SLIP-ON EN-1092-1 TIPO 12 PN16"]
["SLIP-ON","600","PN16","","840","616.5","40","","20","36","770","","EN-1092-1 TIPO 12","BRIDA SLIP-ON EN-1092-1 TIPO 12 PN16"]
["SLIP-ON","700","PN16","","910","","40","","24","36","840","","EN-1092-1 TIPO 12","BRIDA SLIP-ON EN-1092-1 TIPO 12 PN16"]
["SLIP-ON","800","PN16","","1025","","41","","24","39","950","","EN-1092-1 TIPO 12","BRIDA SLIP-ON EN-1092-1 TIPO 12 PN16"]
["SLIP-ON","900","PN16","","1125","","48","","28","39","1050","","EN-1092-1 TIPO 12","BRIDA SLIP-ON EN-1092-1 TIPO 12 PN16"]
["SLIP-ON","1000","PN16","","1255","","59","","28","42","1170","","EN-1092-1 TIPO 12","BRIDA SLIP-ON EN-1092-1 TIPO 12 PN16"]
["SLIP-ON","10","PN25","","90","18","16","","4","14","60","","EN-1092-1 TIPO 12","BRIDA SLIP-ON EN-1092-1 TIPO 12 PN25"]
["SLIP-ON","15","PN25","","95","22","16","","4","14","65","","EN-1092-1 TIPO 12","BRIDA SLIP-ON EN-1092-1 TIPO 12 PN25"]
["SLIP-ON","20","PN25","","105","27.5","18","","4","14","75","","EN-1092-1 TIPO 12","BRIDA SLIP-ON EN-1092-1 TIPO 12 PN25"]
["SLIP-ON","25","PN25","","115","34.5","18","","4","14","85","","EN-1092-1 TIPO 12","BRIDA SLIP-ON EN-1092-1 TIPO 12 PN25"]
["SLIP-ON","32","PN25","","140","43.5","18","","4","18","100","","EN-1092-1 TIPO 12","BRIDA SLIP-ON EN-1092-1 TIPO 12 PN25"]
["SLIP-ON","40","PN25","","150","49.5","18","","4","18","110","","EN-1092-1 TIPO 12","BRIDA SLIP-ON EN-1092-1 TIPO 12 PN25"]
["SLIP-ON","50","PN25","","165","61.5","20","","4","18","125","","EN-1092-1 TIPO 12","BRIDA SLIP-ON EN-1092-1 TIPO 12 PN25"]
["SLIP-ON","65","PN25","","185","77.5","22","","8","18","145","","EN-1092-1 TIPO 12","BRIDA SLIP-ON EN-1092-1 TIPO 12 PN25"]
["SLIP-ON","80","PN25","","200","90.5","24","","8","18","160","","EN-1092-1 TIPO 12","BRIDA SLIP-ON EN-1092-1 TIPO 12 PN25"]
["SLIP-ON","100","PN25","","235","116","24","","8","22","190","","EN-1092-1 TIPO 12","BRIDA SLIP-ON EN-1092-1 TIPO 12 PN25"]
["SLIP-ON","125","PN25","","270","141.5","26","","8","26","220","","EN-1092-1 TIPO 12","BRIDA SLIP-ON EN-1092-1 TIPO 12 PN25"]
["SLIP-ON","150","PN25","","300","170.5","28","","8","26","250","","EN-1092-1 TIPO 12","BRIDA SLIP-ON EN-1092-1 TIPO 12 PN25"]
["SLIP-ON","200","PN25","","360","221.5","30","","12","26","310","","EN-1092-1 TIPO 12","BRIDA SLIP-ON EN-1092-1 TIPO 12 PN25"]
["SLIP-ON","250","PN25","","425","276.5","32","","12","30","370","","EN-1092-1 TIPO 12","BRIDA SLIP-ON EN-1092-1 TIPO 12 PN25"]
["SLIP-ON","300","PN25","","485","327.5","34","","16","30","430","","EN-1092-1 TIPO 12","BRIDA SLIP-ON EN-1092-1 TIPO 12 PN25"]
["SLIP-ON","350","PN25","","555","359.5","38","","16","33","490","","EN-1092-1 TIPO 12","BRIDA SLIP-ON EN-1092-1 TIPO 12 PN25"]
["SLIP-ON","400","PN25","","620","411","40","","16","36","550","","EN-1092-1 TIPO 12","BRIDA SLIP-ON EN-1092-1 TIPO 12 PN25"]
["SLIP-ON","450","PN25","","670","462","46","","20","36","600","","EN-1092-1 TIPO 12","BRIDA SLIP-ON EN-1092-1 TIPO 12 PN25"]
["SLIP-ON","500","PN25","","730","513.5","48","","20","36","660","","EN-1092-1 TIPO 12","BRIDA SLIP-ON EN-1092-1 TIPO 12 PN25"]
["SLIP-ON","600","PN25","","845","616.5","48","","20","39","770","","EN-1092-1 TIPO 12","BRIDA SLIP-ON EN-1092-1 TIPO 12 PN25"]
["SLIP-ON","10","PN40","","90","18","16","","4","14","60","","EN-1092-1 TIPO 12","BRIDA SLIP-ON EN-1092-1 TIPO 12 PN40"]
["SLIP-ON","15","PN40","","95","22","16","","4","14","65","","EN-1092-1 TIPO 12","BRIDA SLIP-ON EN-1092-1 TIPO 12 PN40"]
["SLIP-ON","20","PN40","","105","27.5","18","","4","14","75","","EN-1092-1 TIPO 12","BRIDA SLIP-ON EN-1092-1 TIPO 12 PN40"]
["SLIP-ON","25","PN40","","115","34.5","18","","4","14","85","","EN-1092-1 TIPO 12","BRIDA SLIP-ON EN-1092-1 TIPO 12 PN40"]
["SLIP-ON","32","PN40","","140","43.5","18","","4","18","100","","EN-1092-1 TIPO 12","BRIDA SLIP-ON EN-1092-1 TIPO 12 PN40"]
["SLIP-ON","40","PN40","","150","49.5","18","","4","18","110","","EN-1092-1 TIPO 12","BRIDA SLIP-ON EN-1092-1 TIPO 12 PN40"]
["SLIP-ON","50","PN40","","165","61.5","20","","4","18","125","","EN-1092-1 TIPO 12","BRIDA SLIP-ON EN-1092-1 TIPO 12 PN40"]
["SLIP-ON","65","PN40","","185","77.5","22","","8","18","145","","EN-1092-1 TIPO 12","BRIDA SLIP-ON EN-1092-1 TIPO 12 PN40"]
["SLIP-ON","80","PN40","","200","90.5","24","","8","18","160","","EN-1092-1 TIPO 12","BRIDA SLIP-ON EN-1092-1 TIPO 12 PN40"]
["SLIP-ON","100","PN40","","235","116","24","","8","22","190","","EN-1092-1 TIPO 12","BRIDA SLIP-ON EN-1092-1 TIPO 12 PN40"]
["SLIP-ON","125","PN40","","270","141.5","26","","8","26","220","","EN-1092-1 TIPO 12","BRIDA SLIP-ON EN-1092-1 TIPO 12 PN40"]
["SLIP-ON","150","PN40","","300","170.5","28","","8","26","250","","EN-1092-1 TIPO 12","BRIDA SLIP-ON EN-1092-1 TIPO 12 PN40"]
["SLIP-ON","200","PN40","","375","221.5","34","","12","30","320","","EN-1092-1 TIPO 12","BRIDA SLIP-ON EN-1092-1 TIPO 12 PN40"]
["SLIP-ON","250","PN40","","450","276.5","38","","12","33","385","","EN-1092-1 TIPO 12","BRIDA SLIP-ON EN-1092-1 TIPO 12 PN40"]
["SLIP-ON","300","PN40","","515","327.5","42","","16","33","450","","EN-1092-1 TIPO 12","BRIDA SLIP-ON EN-1092-1 TIPO 12 PN40"]
["SLIP-ON","350","PN40","","580","359.5","46","","16","36","510","","EN-1092-1 TIPO 12","BRIDA SLIP-ON EN-1092-1 TIPO 12 PN40"]
["SLIP-ON","400","PN40","","660","411","50","","16","39","585","","EN-1092-1 TIPO 12","BRIDA SLIP-ON EN-1092-1 TIPO 12 PN40"]
["SLIP-ON","450","PN40","","685","462","57","","20","39","610","","EN-1092-1 TIPO 12","BRIDA SLIP-ON EN-1092-1 TIPO 12 PN40"]
["SLIP-ON","500","PN40","","755","513.5","57","","20","42","670","","EN-1092-1 TIPO 12","BRIDA SLIP-ON EN-1092-1 TIPO 12 PN40"]
["SLIP-ON","600","PN40","","890","616.5","72","","20","48","795","","EN-1092-1 TIPO 12","BRIDA SLIP-ON EN-1092-1 TIPO 12 PN40"]
["ROSCADA","10","PN6","","75","","12","","4","11","50","DIN 2565 (Antigua)","EN-1092-1 TIPO 13","BRIDA ROSCADA EN-1092-1 TIPO 13 PN6"]
["ROSCADA","15","PN6","","80","","12","","4","11","55","DIN 2565 (Antigua)","EN-1092-1 TIPO 13","BRIDA ROSCADA EN-1092-1 TIPO 13 PN6"]
["ROSCADA","20","PN6","","90","","14","","4","11","65","DIN 2565 (Antigua)","EN-1092-1 TIPO 13","BRIDA ROSCADA EN-1092-1 TIPO 13 PN6"]
["ROSCADA","25","PN6","","100","","14","","4","11","75","DIN 2565 (Antigua)","EN-1092-1 TIPO 13","BRIDA ROSCADA EN-1092-1 TIPO 13 PN6"]
["ROSCADA","32","PN6","","120","","14","","4","14","90","DIN 2565 (Antigua)","EN-1092-1 TIPO 13","BRIDA ROSCADA EN-1092-1 TIPO 13 PN6"]
["ROSCADA","40","PN6","","130","","14","","4","14","100","DIN 2565 (Antigua)","EN-1092-1 TIPO 13","BRIDA ROSCADA EN-1092-1 TIPO 13 PN6"]
["ROSCADA","50","PN6","","140","","14","","4","14","110","DIN 2565 (Antigua)","EN-1092-1 TIPO 13","BRIDA ROSCADA EN-1092-1 TIPO 13 PN6"]
["ROSCADA","65","PN6","","160","","14","","4","14","130","DIN 2565 (Antigua)","EN-1092-1 TIPO 13","BRIDA ROSCADA EN-1092-1 TIPO 13 PN6"]
["ROSCADA","80","PN6","","190","","16","","4","18","150","DIN 2565 (Antigua)","EN-1092-1 TIPO 13","BRIDA ROSCADA EN-1092-1 TIPO 13 PN6"]
["ROSCADA","100","PN6","","210","","16","","4","18","170","DIN 2565 (Antigua)","EN-1092-1 TIPO 13","BRIDA ROSCADA EN-1092-1 TIPO 13 PN6"]
["ROSCADA","125","PN6","","240","","18","","8","18","200","DIN 2565 (Antigua)","EN-1092-1 TIPO 13","BRIDA ROSCADA EN-1092-1 TIPO 13 PN6"]
["ROSCADA","150","PN6","","265","","18","","8","18","225","DIN 2565 (Antigua)","EN-1092-1 TIPO 13","BRIDA ROSCADA EN-1092-1 TIPO 13 PN6"]
["ROSCADA","200","PN6","","320","","20","","8","18","280","DIN 2565 (Antigua)","EN-1092-1 TIPO 13","BRIDA ROSCADA EN-1092-1 TIPO 13 PN6"]
["ROSCADA","250","PN6","","375","","22","","12","18","335","DIN 2565 (Antigua)","EN-1092-1 TIPO 13","BRIDA ROSCADA EN-1092-1 TIPO 13 PN6"]
["ROSCADA","300","PN6","","440","","22","","12","22","395","DIN 2565 (Antigua)","EN-1092-1 TIPO 13","BRIDA ROSCADA EN-1092-1 TIPO 13 PN6"]
["ROSCADA","10","PN10","","90","","16","","4","14","60","DIN 2566 (Antigua)","EN-1092-1 TIPO 13","BRIDA ROSCADA EN-1092-1 TIPO 13 PN10"]
["ROSCADA","15","PN10","","95","","16","","4","14","65","DIN 2566 (Antigua)","EN-1092-1 TIPO 13","BRIDA ROSCADA EN-1092-1 TIPO 13 PN10"]
["ROSCADA","20","PN10","","105","","18","","4","14","75","DIN 2566 (Antigua)","EN-1092-1 TIPO 13","BRIDA ROSCADA EN-1092-1 TIPO 13 PN10"]
["ROSCADA","25","PN10","","115","","18","","4","14","85","DIN 2566 (Antigua)","EN-1092-1 TIPO 13","BRIDA ROSCADA EN-1092-1 TIPO 13 PN10"]
["ROSCADA","32","PN10","","140","","18","","4","18","100","DIN 2566 (Antigua)","EN-1092-1 TIPO 13","BRIDA ROSCADA EN-1092-1 TIPO 13 PN10"]
["ROSCADA","40","PN10","","150","","18","","4","18","110","DIN 2566 (Antigua)","EN-1092-1 TIPO 13","BRIDA ROSCADA EN-1092-1 TIPO 13 PN10"]
["ROSCADA","50","PN10","","165","","18","","4","18","125","DIN 2566 (Antigua)","EN-1092-1 TIPO 13","BRIDA ROSCADA EN-1092-1 TIPO 13 PN10"]
["ROSCADA","65","PN10","","185","","18","","8","18","145","DIN 2566 (Antigua)","EN-1092-1 TIPO 13","BRIDA ROSCADA EN-1092-1 TIPO 13 PN10"]
["ROSCADA","80","PN10","","200","","20","","8","18","160","DIN 2566 (Antigua)","EN-1092-1 TIPO 13","BRIDA ROSCADA EN-1092-1 TIPO 13 PN10"]
["ROSCADA","100","PN10","","220","","20","","8","18","180","DIN 2566 (Antigua)","EN-1092-1 TIPO 13","BRIDA ROSCADA EN-1092-1 TIPO 13 PN10"]
["ROSCADA","125","PN10","","250","","22","","8","18","210","DIN 2566 (Antigua)","EN-1092-1 TIPO 13","BRIDA ROSCADA EN-1092-1 TIPO 13 PN10"]
["ROSCADA","150","PN10","","285","","22","","8","22","240","DIN 2566 (Antigua)","EN-1092-1 TIPO 13","BRIDA ROSCADA EN-1092-1 TIPO 13 PN10"]
["ROSCADA","200","PN10","","340","","24","","8","22","295","DIN 2566 (Antigua)","EN-1092-1 TIPO 13","BRIDA ROSCADA EN-1092-1 TIPO 13 PN10"]
["ROSCADA","250","PN10","","395","","26","","12","22","350","DIN 2566 (Antigua)","EN-1092-1 TIPO 13","BRIDA ROSCADA EN-1092-1 TIPO 13 PN10"]
["ROSCADA","300","PN10","","445","","26","","12","22","400","DIN 2566 (Antigua)","EN-1092-1 TIPO 13","BRIDA ROSCADA EN-1092-1 TIPO 13 PN10"]
["ROSCADA","350","PN10","","505","","26","","16","22","460","DIN 2566 (Antigua)","EN-1092-1 TIPO 13","BRIDA ROSCADA EN-1092-1 TIPO 13 PN10"]
["ROSCADA","400","PN10","","565","","26","","16","26","515","DIN 2566 (Antigua)","EN-1092-1 TIPO 13","BRIDA ROSCADA EN-1092-1 TIPO 13 PN10"]
["ROSCADA","450","PN10","","615","","28","","20","26","565","DIN 2566 (Antigua)","EN-1092-1 TIPO 13","BRIDA ROSCADA EN-1092-1 TIPO 13 PN10"]
["ROSCADA","500","PN10","","670","","28","","20","26","620","DIN 2566 (Antigua)","EN-1092-1 TIPO 13","BRIDA ROSCADA EN-1092-1 TIPO 13 PN10"]
["ROSCADA","600","PN10","","780","","30","","20","30","725","DIN 2566 (Antigua)","EN-1092-1 TIPO 13","BRIDA ROSCADA EN-1092-1 TIPO 13 PN10"]
["ROSCADA","10","PN16","","90","","16","","4","14","60","DIN 2567 (Antigua)","EN-1092-1 TIPO 13","BRIDA ROSCADA EN-1092-1 TIPO 13 PN16"]
["ROSCADA","15","PN16","","95","","16","","4","14","65","DIN 2567 (Antigua)","EN-1092-1 TIPO 13","BRIDA ROSCADA EN-1092-1 TIPO 13 PN16"]
["ROSCADA","20","PN16","","105","","18","","4","14","75","DIN 2567 (Antigua)","EN-1092-1 TIPO 13","BRIDA ROSCADA EN-1092-1 TIPO 13 PN16"]
["ROSCADA","25","PN16","","115","","18","","4","14","85","DIN 2567 (Antigua)","EN-1092-1 TIPO 13","BRIDA ROSCADA EN-1092-1 TIPO 13 PN16"]
["ROSCADA","32","PN16","","140","","18","","4","18","100","DIN 2567 (Antigua)","EN-1092-1 TIPO 13","BRIDA ROSCADA EN-1092-1 TIPO 13 PN16"]
["ROSCADA","40","PN16","","150","","18","","4","18","110","DIN 2567 (Antigua)","EN-1092-1 TIPO 13","BRIDA ROSCADA EN-1092-1 TIPO 13 PN16"]
["ROSCADA","50","PN16","","165","","18","","4","18","125","DIN 2567 (Antigua)","EN-1092-1 TIPO 13","BRIDA ROSCADA EN-1092-1 TIPO 13 PN16"]
["ROSCADA","65","PN16","","185","","18","","8","18","145","DIN 2567 (Antigua)","EN-1092-1 TIPO 13","BRIDA ROSCADA EN-1092-1 TIPO 13 PN16"]
["ROSCADA","80","PN16","","200","","20","","8","18","160","DIN 2567 (Antigua)","EN-1092-1 TIPO 13","BRIDA ROSCADA EN-1092-1 TIPO 13 PN16"]
["ROSCADA","100","PN16","","220","","20","","8","18","180","DIN 2567 (Antigua)","EN-1092-1 TIPO 13","BRIDA ROSCADA EN-1092-1 TIPO 13 PN16"]
["ROSCADA","125","PN16","","250","","22","","8","18","210","DIN 2567 (Antigua)","EN-1092-1 TIPO 13","BRIDA ROSCADA EN-1092-1 TIPO 13 PN16"]
["ROSCADA","150","PN16","","285","","22","","8","22","240","DIN 2567 (Antigua)","EN-1092-1 TIPO 13","BRIDA ROSCADA EN-1092-1 TIPO 13 PN16"]
["ROSCADA","200","PN16","","340","","24","","12","22","295","DIN 2567 (Antigua)","EN-1092-1 TIPO 13","BRIDA ROSCADA EN-1092-1 TIPO 13 PN16"]
["ROSCADA","250","PN16","","405","","26","","12","26","355","DIN 2567 (Antigua)","EN-1092-1 TIPO 13","BRIDA ROSCADA EN-1092-1 TIPO 13 PN16"]
["ROSCADA","300","PN16","","460","","28","","12","26","410","DIN 2567 (Antigua)","EN-1092-1 TIPO 13","BRIDA ROSCADA EN-1092-1 TIPO 13 PN16"]
["ROSCADA","350","PN16","","520","","30","","16","26","470","DIN 2567 (Antigua)","EN-1092-1 TIPO 13","BRIDA ROSCADA EN-1092-1 TIPO 13 PN16"]
["ROSCADA","400","PN16","","580","","32","","16","30","525","DIN 2567 (Antigua)","EN-1092-1 TIPO 13","BRIDA ROSCADA EN-1092-1 TIPO 13 PN16"]
["ROSCADA","450","PN16","","640","","34","","20","30","585","DIN 2567 (Antigua)","EN-1092-1 TIPO 13","BRIDA ROSCADA EN-1092-1 TIPO 13 PN16"]
["ROSCADA","500","PN16","","715","","36","","20","33","650","DIN 2567 (Antigua)","EN-1092-1 TIPO 13","BRIDA ROSCADA EN-1092-1 TIPO 13 PN16"]
["ROSCADA","600","PN16","","840","","40","","20","36","770","DIN 2567 (Antigua)","EN-1092-1 TIPO 13","BRIDA ROSCADA EN-1092-1 TIPO 13 PN16"]
["ROSCADA","700","PN16","","910","","40","","24","36","840","DIN 2567 (Antigua)","EN-1092-1 TIPO 13","BRIDA ROSCADA EN-1092-1 TIPO 13 PN16"]
["ROSCADA","800","PN16","","1025","","41","","24","39","950","DIN 2567 (Antigua)","EN-1092-1 TIPO 13","BRIDA ROSCADA EN-1092-1 TIPO 13 PN16"]
["ROSCADA","900","PN16","","1125","","48","","28","39","1050","DIN 2567 (Antigua)","EN-1092-1 TIPO 13","BRIDA ROSCADA EN-1092-1 TIPO 13 PN16"]
["ROSCADA","1000","PN16","","1255","","59","","28","42","1170","DIN 2567 (Antigua)","EN-1092-1 TIPO 13","BRIDA ROSCADA EN-1092-1 TIPO 13 PN16"]
["ROSCADA","10","PN25","","90","","16","","4","14","60","DIN 2568 (Antigua)","EN-1092-1 TIPO 13","BRIDA ROSCADA EN-1092-1 TIPO 13 PN25"]
["ROSCADA","15","PN25","","95","","16","","4","14","65","DIN 2568 (Antigua)","EN-1092-1 TIPO 13","BRIDA ROSCADA EN-1092-1 TIPO 13 PN25"]
["ROSCADA","20","PN25","","105","","18","","4","14","75","DIN 2568 (Antigua)","EN-1092-1 TIPO 13","BRIDA ROSCADA EN-1092-1 TIPO 13 PN25"]
["ROSCADA","25","PN25","","115","","18","","4","14","85","DIN 2568 (Antigua)","EN-1092-1 TIPO 13","BRIDA ROSCADA EN-1092-1 TIPO 13 PN25"]
["ROSCADA","32","PN25","","140","","18","","4","18","100","DIN 2568 (Antigua)","EN-1092-1 TIPO 13","BRIDA ROSCADA EN-1092-1 TIPO 13 PN25"]
["ROSCADA","40","PN25","","150","","18","","4","18","110","DIN 2568 (Antigua)","EN-1092-1 TIPO 13","BRIDA ROSCADA EN-1092-1 TIPO 13 PN25"]
["ROSCADA","50","PN25","","165","","20","","4","18","125","DIN 2568 (Antigua)","EN-1092-1 TIPO 13","BRIDA ROSCADA EN-1092-1 TIPO 13 PN25"]
["ROSCADA","65","PN25","","185","","22","","8","18","145","DIN 2568 (Antigua)","EN-1092-1 TIPO 13","BRIDA ROSCADA EN-1092-1 TIPO 13 PN25"]
["ROSCADA","80","PN25","","200","","24","","8","18","160","DIN 2568 (Antigua)","EN-1092-1 TIPO 13","BRIDA ROSCADA EN-1092-1 TIPO 13 PN25"]
["ROSCADA","100","PN25","","235","","24","","8","22","190","DIN 2568 (Antigua)","EN-1092-1 TIPO 13","BRIDA ROSCADA EN-1092-1 TIPO 13 PN25"]
["ROSCADA","125","PN25","","270","","26","","8","26","220","DIN 2568 (Antigua)","EN-1092-1 TIPO 13","BRIDA ROSCADA EN-1092-1 TIPO 13 PN25"]
["ROSCADA","150","PN25","","300","","28","","8","26","250","DIN 2568 (Antigua)","EN-1092-1 TIPO 13","BRIDA ROSCADA EN-1092-1 TIPO 13 PN25"]
["ROSCADA","200","PN25","","360","","30","","12","26","310","DIN 2568 (Antigua)","EN-1092-1 TIPO 13","BRIDA ROSCADA EN-1092-1 TIPO 13 PN25"]
["ROSCADA","250","PN25","","425","","32","","12","30","370","DIN 2568 (Antigua)","EN-1092-1 TIPO 13","BRIDA ROSCADA EN-1092-1 TIPO 13 PN25"]
["ROSCADA","300","PN25","","485","","34","","16","30","430","DIN 2568 (Antigua)","EN-1092-1 TIPO 13","BRIDA ROSCADA EN-1092-1 TIPO 13 PN25"]
["ROSCADA","350","PN25","","555","","38","","16","33","490","DIN 2568 (Antigua)","EN-1092-1 TIPO 13","BRIDA ROSCADA EN-1092-1 TIPO 13 PN25"]
["ROSCADA","400","PN25","","620","","40","","16","36","550","DIN 2568 (Antigua)","EN-1092-1 TIPO 13","BRIDA ROSCADA EN-1092-1 TIPO 13 PN25"]
["ROSCADA","450","PN25","","670","","46","","20","36","600","DIN 2568 (Antigua)","EN-1092-1 TIPO 13","BRIDA ROSCADA EN-1092-1 TIPO 13 PN25"]
["ROSCADA","500","PN25","","730","","48","","20","36","660","DIN 2568 (Antigua)","EN-1092-1 TIPO 13","BRIDA ROSCADA EN-1092-1 TIPO 13 PN25"]
["ROSCADA","600","PN25","","845","","48","","20","39","770","DIN 2568 (Antigua)","EN-1092-1 TIPO 13","BRIDA ROSCADA EN-1092-1 TIPO 13 PN25"]
["ROSCADA","10","PN40","","90","","16","","4","14","60","DIN 2569 (Antigua)","EN-1092-1 TIPO 13","BRIDA ROSCADA EN-1092-1 TIPO 13 PN40"]
["ROSCADA","15","PN40","","95","","16","","4","14","65","DIN 2569 (Antigua)","EN-1092-1 TIPO 13","BRIDA ROSCADA EN-1092-1 TIPO 13 PN40"]
["ROSCADA","20","PN40","","105","","18","","4","14","75","DIN 2569 (Antigua)","EN-1092-1 TIPO 13","BRIDA ROSCADA EN-1092-1 TIPO 13 PN40"]
["ROSCADA","25","PN40","","115","","18","","4","14","85","DIN 2569 (Antigua)","EN-1092-1 TIPO 13","BRIDA ROSCADA EN-1092-1 TIPO 13 PN40"]
["ROSCADA","32","PN40","","140","","18","","4","18","100","DIN 2569 (Antigua)","EN-1092-1 TIPO 13","BRIDA ROSCADA EN-1092-1 TIPO 13 PN40"]
["ROSCADA","40","PN40","","150","","18","","4","18","110","DIN 2569 (Antigua)","EN-1092-1 TIPO 13","BRIDA ROSCADA EN-1092-1 TIPO 13 PN40"]
["ROSCADA","50","PN40","","165","","20","","4","18","125","DIN 2569 (Antigua)","EN-1092-1 TIPO 13","BRIDA ROSCADA EN-1092-1 TIPO 13 PN40"]
["ROSCADA","65","PN40","","185","","22","","8","18","145","DIN 2569 (Antigua)","EN-1092-1 TIPO 13","BRIDA ROSCADA EN-1092-1 TIPO 13 PN40"]
["ROSCADA","80","PN40","","200","","24","","8","18","160","DIN 2569 (Antigua)","EN-1092-1 TIPO 13","BRIDA ROSCADA EN-1092-1 TIPO 13 PN40"]
["ROSCADA","100","PN40","","235","","24","","8","22","190","DIN 2569 (Antigua)","EN-1092-1 TIPO 13","BRIDA ROSCADA EN-1092-1 TIPO 13 PN40"]
["ROSCADA","125","PN40","","270","","26","","8","26","220","DIN 2569 (Antigua)","EN-1092-1 TIPO 13","BRIDA ROSCADA EN-1092-1 TIPO 13 PN40"]
["ROSCADA","150","PN40","","300","","28","","8","26","250","DIN 2569 (Antigua)","EN-1092-1 TIPO 13","BRIDA ROSCADA EN-1092-1 TIPO 13 PN40"]
["ROSCADA","200","PN40","","375","","34","","12","30","320","DIN 2569 (Antigua)","EN-1092-1 TIPO 13","BRIDA ROSCADA EN-1092-1 TIPO 13 PN40"]
["ROSCADA","250","PN40","","450","","38","","12","33","385","DIN 2569 (Antigua)","EN-1092-1 TIPO 13","BRIDA ROSCADA EN-1092-1 TIPO 13 PN40"]
["ROSCADA","300","PN40","","515","","42","","16","33","450","DIN 2569 (Antigua)","EN-1092-1 TIPO 13","BRIDA ROSCADA EN-1092-1 TIPO 13 PN40"]
["ROSCADA","350","PN40","","580","","46","","16","36","510","DIN 2569 (Antigua)","EN-1092-1 TIPO 13","BRIDA ROSCADA EN-1092-1 TIPO 13 PN40"]
["ROSCADA","400","PN40","","660","","50","","16","39","585","DIN 2569 (Antigua)","EN-1092-1 TIPO 13","BRIDA ROSCADA EN-1092-1 TIPO 13 PN40"]
["ROSCADA","450","PN40","","685","","57","","20","39","610","DIN 2569 (Antigua)","EN-1092-1 TIPO 13","BRIDA ROSCADA EN-1092-1 TIPO 13 PN40"]
["ROSCADA","500","PN40","","755","","57","","20","42","670","DIN 2569 (Antigua)","EN-1092-1 TIPO 13","BRIDA ROSCADA EN-1092-1 TIPO 13 PN40"]
["ROSCADA","600","PN40","","890","","72","","20","48","795","DIN 2569 (Antigua)","EN-1092-1 TIPO 13","BRIDA ROSCADA EN-1092-1 TIPO 13 PN40"]
["ARO","10","PN6","","35","18","10","","","","","DIN 2641 (Antigua)","EN-1092-1 TIPO 32","ARO EN-1092-1 TIPO 32 PN6"]
["ARO","15","PN6","","40","22","11","","","","","DIN 2641 (Antigua)","EN-1092-1 TIPO 32","ARO EN-1092-1 TIPO 32 PN6"]
["ARO","20","PN6","","50","27.5","11","","","","","DIN 2641 (Antigua)","EN-1092-1 TIPO 32","ARO EN-1092-1 TIPO 32 PN6"]
["ARO","25","PN6","","60","34.5","11","","","","","DIN 2641 (Antigua)","EN-1092-1 TIPO 32","ARO EN-1092-1 TIPO 32 PN6"]
["ARO","32","PN6","","70","43.5","14","","","","","DIN 2641 (Antigua)","EN-1092-1 TIPO 32","ARO EN-1092-1 TIPO 32 PN6"]
["ARO","40","PN6","","80","49.5","14","","","","","DIN 2641 (Antigua)","EN-1092-1 TIPO 32","ARO EN-1092-1 TIPO 32 PN6"]
["ARO","50","PN6","","90","61.5","14","","","","","DIN 2641 (Antigua)","EN-1092-1 TIPO 32","ARO EN-1092-1 TIPO 32 PN6"]
["ARO","65","PN6","","110","77.5","14","","","","","DIN 2641 (Antigua)","EN-1092-1 TIPO 32","ARO EN-1092-1 TIPO 32 PN6"]
["ARO","80","PN6","","128","90.5","18","","","","","DIN 2641 (Antigua)","EN-1092-1 TIPO 32","ARO EN-1092-1 TIPO 32 PN6"]
["ARO","100","PN6","","148","116","18","","","","","DIN 2641 (Antigua)","EN-1092-1 TIPO 32","ARO EN-1092-1 TIPO 32 PN6"]
["ARO","125","PN6","","178","141.5","18","","","","","DIN 2641 (Antigua)","EN-1092-1 TIPO 32","ARO EN-1092-1 TIPO 32 PN6"]
["ARO","150","PN6","","202","170.5","18","","","","","DIN 2641 (Antigua)","EN-1092-1 TIPO 32","ARO EN-1092-1 TIPO 32 PN6"]
["ARO","200","PN6","","258","221.5","18","","","","","DIN 2641 (Antigua)","EN-1092-1 TIPO 32","ARO EN-1092-1 TIPO 32 PN6"]
["ARO","250","PN6","","31","276.5","18","","","","","DIN 2641 (Antigua)","EN-1092-1 TIPO 32","ARO EN-1092-1 TIPO 32 PN6"]
["ARO","300","PN6","","365","327.5","22","","","","","DIN 2641 (Antigua)","EN-1092-1 TIPO 32","ARO EN-1092-1 TIPO 32 PN6"]
["ARO","350","PN6","","415","359.5","22","","","","","DIN 2641 (Antigua)","EN-1092-1 TIPO 32","ARO EN-1092-1 TIPO 32 PN6"]
["ARO","400","PN6","","465","411","22","","","","","DIN 2641 (Antigua)","EN-1092-1 TIPO 32","ARO EN-1092-1 TIPO 32 PN6"]
["ARO","450","PN6","","520","462","22","","","","","DIN 2641 (Antigua)","EN-1092-1 TIPO 32","ARO EN-1092-1 TIPO 32 PN6"]
["ARO","500","PN6","","570","513.5","22","","","","","DIN 2641 (Antigua)","EN-1092-1 TIPO 32","ARO EN-1092-1 TIPO 32 PN6"]
["ARO","600","PN6","","670","616.5","26","","","","","DIN 2641 (Antigua)","EN-1092-1 TIPO 32","ARO EN-1092-1 TIPO 32 PN6"]
["ARO","10","PN10","","40","18","12","","","","","DIN 2642 (Antigua)","EN-1092-1 TIPO 32","ARO EN-1092-1 TIPO 32 PN10"]
["ARO","15","PN10","","45","22","12","","","","","DIN 2642 (Antigua)","EN-1092-1 TIPO 32","ARO EN-1092-1 TIPO 32 PN10"]
["ARO","20","PN10","","58","27.5","14","","","","","DIN 2642 (Antigua)","EN-1092-1 TIPO 32","ARO EN-1092-1 TIPO 32 PN10"]
["ARO","25","PN10","","68","34.5","14","","","","","DIN 2642 (Antigua)","EN-1092-1 TIPO 32","ARO EN-1092-1 TIPO 32 PN10"]
["ARO","32","PN10","","78","43.5","14","","","","","DIN 2642 (Antigua)","EN-1092-1 TIPO 32","ARO EN-1092-1 TIPO 32 PN10"]
["ARO","40","PN10","","88","49.5","14","","","","","DIN 2642 (Antigua)","EN-1092-1 TIPO 32","ARO EN-1092-1 TIPO 32 PN10"]
["ARO","50","PN10","","102","61.5","16","","","","","DIN 2642 (Antigua)","EN-1092-1 TIPO 32","ARO EN-1092-1 TIPO 32 PN10"]
["ARO","65","PN10","","122","77.5","16","","","","","DIN 2642 (Antigua)","EN-1092-1 TIPO 32","ARO EN-1092-1 TIPO 32 PN10"]
["ARO","80","PN10","","138","90.5","16","","","","","DIN 2642 (Antigua)","EN-1092-1 TIPO 32","ARO EN-1092-1 TIPO 32 PN10"]
["ARO","100","PN10","","158","116","18","","","","","DIN 2642 (Antigua)","EN-1092-1 TIPO 32","ARO EN-1092-1 TIPO 32 PN10"]
["ARO","125","PN10","","188","141.5","18","","","","","DIN 2642 (Antigua)","EN-1092-1 TIPO 32","ARO EN-1092-1 TIPO 32 PN10"]
["ARO","150","PN10","","212","170.5","20","","","","","DIN 2642 (Antigua)","EN-1092-1 TIPO 32","ARO EN-1092-1 TIPO 32 PN10"]
["ARO","200","PN10","","268","221.5","20","","","","","DIN 2642 (Antigua)","EN-1092-1 TIPO 32","ARO EN-1092-1 TIPO 32 PN10"]
["ARO","250","PN10","","320","276.5","22","","","","","DIN 2642 (Antigua)","EN-1092-1 TIPO 32","ARO EN-1092-1 TIPO 32 PN10"]
["ARO","300","PN10","","370","327.5","22","","","","","DIN 2642 (Antigua)","EN-1092-1 TIPO 32","ARO EN-1092-1 TIPO 32 PN10"]
["ARO","350","PN10","","430","359.5","22","","","","","DIN 2642 (Antigua)","EN-1092-1 TIPO 32","ARO EN-1092-1 TIPO 32 PN10"]
["ARO","400","PN10","","482","411","24","","","","","DIN 2642 (Antigua)","EN-1092-1 TIPO 32","ARO EN-1092-1 TIPO 32 PN10"]
["ARO","450","PN10","","532","462","24","","","","","DIN 2642 (Antigua)","EN-1092-1 TIPO 32","ARO EN-1092-1 TIPO 32 PN10"]
["ARO","500","PN10","","585","513.5","26","","","","","DIN 2642 (Antigua)","EN-1092-1 TIPO 32","ARO EN-1092-1 TIPO 32 PN10"]
["ARO","600","PN10","","685","616.5","26","","","","","DIN 2642 (Antigua)","EN-1092-1 TIPO 32","ARO EN-1092-1 TIPO 32 PN10"]
["ARO","10","PN16","","40","18","12","","","","","DIN 2655 (Antigua)","EN-1092-1 TIPO 32","ARO EN-1092-1 TIPO 32 PN16"]
["ARO","15","PN16","","45","22","12","","","","","DIN 2655 (Antigua)","EN-1092-1 TIPO 32","ARO EN-1092-1 TIPO 32 PN16"]
["ARO","20","PN16","","58","27.5","14","","","","","DIN 2655 (Antigua)","EN-1092-1 TIPO 32","ARO EN-1092-1 TIPO 32 PN16"]
["ARO","25","PN16","","68","34.5","14","","","","","DIN 2655 (Antigua)","EN-1092-1 TIPO 32","ARO EN-1092-1 TIPO 32 PN16"]
["ARO","32","PN16","","78","43.5","14","","","","","DIN 2655 (Antigua)","EN-1092-1 TIPO 32","ARO EN-1092-1 TIPO 32 PN16"]
["ARO","40","PN16","","88","49.5","14","","","","","DIN 2655 (Antigua)","EN-1092-1 TIPO 32","ARO EN-1092-1 TIPO 32 PN16"]
["ARO","50","PN16","","102","61.5","16","","","","","DIN 2655 (Antigua)","EN-1092-1 TIPO 32","ARO EN-1092-1 TIPO 32 PN16"]
["ARO","65","PN16","","122","77.5","16","","","","","DIN 2655 (Antigua)","EN-1092-1 TIPO 32","ARO EN-1092-1 TIPO 32 PN16"]
["ARO","80","PN16","","138","90.5","16","","","","","DIN 2655 (Antigua)","EN-1092-1 TIPO 32","ARO EN-1092-1 TIPO 32 PN16"]
["ARO","100","PN16","","158","116","18","","","","","DIN 2655 (Antigua)","EN-1092-1 TIPO 32","ARO EN-1092-1 TIPO 32 PN16"]
["ARO","125","PN16","","188","141.5","18","","","","","DIN 2655 (Antigua)","EN-1092-1 TIPO 32","ARO EN-1092-1 TIPO 32 PN16"]
["ARO","150","PN16","","212","170.5","20","","","","","DIN 2655 (Antigua)","EN-1092-1 TIPO 32","ARO EN-1092-1 TIPO 32 PN16"]
["ARO","200","PN16","","268","221.5","20","","","","","DIN 2655 (Antigua)","EN-1092-1 TIPO 32","ARO EN-1092-1 TIPO 32 PN16"]
["ARO","250","PN16","","320","276.5","22","","","","","DIN 2655 (Antigua)","EN-1092-1 TIPO 32","ARO EN-1092-1 TIPO 32 PN16"]
["ARO","300","PN16","","378","327.5","24","","","","","DIN 2655 (Antigua)","EN-1092-1 TIPO 32","ARO EN-1092-1 TIPO 32 PN16"]
["ARO","350","PN16","","438","359.5","26","","","","","DIN 2655 (Antigua)","EN-1092-1 TIPO 32","ARO EN-1092-1 TIPO 32 PN16"]
["ARO","400","PN16","","490","411","28","","","","","DIN 2655 (Antigua)","EN-1092-1 TIPO 32","ARO EN-1092-1 TIPO 32 PN16"]
["ARO","450","PN16","","550","462","30","","","","","DIN 2655 (Antigua)","EN-1092-1 TIPO 32","ARO EN-1092-1 TIPO 32 PN16"]
["ARO","500","PN16","","610","513.5","32","","","","","DIN 2655 (Antigua)","EN-1092-1 TIPO 32","ARO EN-1092-1 TIPO 32 PN16"]
["ARO","600","PN16","","725","616.5","32","","","","","DIN 2655 (Antigua)","EN-1092-1 TIPO 32","ARO EN-1092-1 TIPO 32 PN16"]
["ARO","10","PN25","","40","18","12","","","","","DIN 2656 (Antigua)","EN-1092-1 TIPO 32","ARO EN-1092-1 TIPO 32 PN25"]
["ARO","15","PN25","","45","22","12","","","","","DIN 2656 (Antigua)","EN-1092-1 TIPO 32","ARO EN-1092-1 TIPO 32 PN25"]
["ARO","20","PN25","","58","27.5","14","","","","","DIN 2656 (Antigua)","EN-1092-1 TIPO 32","ARO EN-1092-1 TIPO 32 PN25"]
["ARO","25","PN25","","68","34.5","14","","","","","DIN 2656 (Antigua)","EN-1092-1 TIPO 32","ARO EN-1092-1 TIPO 32 PN25"]
["ARO","32","PN25","","78","43.5","14","","","","","DIN 2656 (Antigua)","EN-1092-1 TIPO 32","ARO EN-1092-1 TIPO 32 PN25"]
["ARO","40","PN25","","88","49.5","14","","","","","DIN 2656 (Antigua)","EN-1092-1 TIPO 32","ARO EN-1092-1 TIPO 32 PN25"]
["ARO","50","PN25","","102","61.5","16","","","","","DIN 2656 (Antigua)","EN-1092-1 TIPO 32","ARO EN-1092-1 TIPO 32 PN25"]
["ARO","65","PN25","","122","77.5","16","","","","","DIN 2656 (Antigua)","EN-1092-1 TIPO 32","ARO EN-1092-1 TIPO 32 PN25"]
["ARO","80","PN25","","138","90.5","18","","","","","DIN 2656 (Antigua)","EN-1092-1 TIPO 32","ARO EN-1092-1 TIPO 32 PN25"]
["ARO","100","PN25","","162","116","20","","","","","DIN 2656 (Antigua)","EN-1092-1 TIPO 32","ARO EN-1092-1 TIPO 32 PN25"]
["ARO","125","PN25","","188","141.5","22","","","","","DIN 2656 (Antigua)","EN-1092-1 TIPO 32","ARO EN-1092-1 TIPO 32 PN25"]
["ARO","150","PN25","","218","170.5","24","","","","","DIN 2656 (Antigua)","EN-1092-1 TIPO 32","ARO EN-1092-1 TIPO 32 PN25"]
["ARO","200","PN25","","278","221.5","26","","","","","DIN 2656 (Antigua)","EN-1092-1 TIPO 32","ARO EN-1092-1 TIPO 32 PN25"]
["ARO","250","PN25","","335","276.5","26","","","","","DIN 2656 (Antigua)","EN-1092-1 TIPO 32","ARO EN-1092-1 TIPO 32 PN25"]
["ARO","300","PN25","","395","327.5","28","","","","","DIN 2656 (Antigua)","EN-1092-1 TIPO 32","ARO EN-1092-1 TIPO 32 PN25"]
["ARO","350","PN25","","450","359.5","32","","","","","DIN 2656 (Antigua)","EN-1092-1 TIPO 32","ARO EN-1092-1 TIPO 32 PN25"]
["ARO","400","PN25","","505","411","34","","","","","DIN 2656 (Antigua)","EN-1092-1 TIPO 32","ARO EN-1092-1 TIPO 32 PN25"]
["ARO","450","PN25","","555","462","36","","","","","DIN 2656 (Antigua)","EN-1092-1 TIPO 32","ARO EN-1092-1 TIPO 32 PN25"]
["ARO","500","PN25","","615","513.5","38","","","","","DIN 2656 (Antigua)","EN-1092-1 TIPO 32","ARO EN-1092-1 TIPO 32 PN25"]
["ARO","600","PN25","","720","616.5","40","","","","","DIN 2656 (Antigua)","EN-1092-1 TIPO 32","ARO EN-1092-1 TIPO 32 PN25"]
["ARO","10","PN40","","40","18","12","","","","","","EN-1092-1 TIPO 32","ARO EN-1092-1 TIPO 32 PN40"]
["ARO","15","PN40","","45","22","12","","","","","","EN-1092-1 TIPO 32","ARO EN-1092-1 TIPO 32 PN40"]
["ARO","20","PN40","","58","27.5","14","","","","","","EN-1092-1 TIPO 32","ARO EN-1092-1 TIPO 32 PN40"]
["ARO","25","PN40","","68","34.5","14","","","","","","EN-1092-1 TIPO 32","ARO EN-1092-1 TIPO 32 PN40"]
["ARO","32","PN40","","78","43.5","14","","","","","","EN-1092-1 TIPO 32","ARO EN-1092-1 TIPO 32 PN40"]
["ARO","40","PN40","","88","49.5","14","","","","","","EN-1092-1 TIPO 32","ARO EN-1092-1 TIPO 32 PN40"]
["ARO","50","PN40","","102","61.5","16","","","","","","EN-1092-1 TIPO 32","ARO EN-1092-1 TIPO 32 PN40"]
["ARO","65","PN40","","122","77.5","16","","","","","","EN-1092-1 TIPO 32","ARO EN-1092-1 TIPO 32 PN40"]
["ARO","80","PN40","","138","90.5","18","","","","","","EN-1092-1 TIPO 32","ARO EN-1092-1 TIPO 32 PN40"]
["ARO","100","PN40","","162","116","20","","","","","","EN-1092-1 TIPO 32","ARO EN-1092-1 TIPO 32 PN40"]
["ARO","125","PN40","","188","141.5","22","","","","","","EN-1092-1 TIPO 32","ARO EN-1092-1 TIPO 32 PN40"]
["ARO","150","PN40","","218","170.5","24","","","","","","EN-1092-1 TIPO 32","ARO EN-1092-1 TIPO 32 PN40"]
["ARO","200","PN40","","285","221.5","28","","","","","","EN-1092-1 TIPO 32","ARO EN-1092-1 TIPO 32 PN40"]
["ARO","250","PN40","","345","276.5","30","","","","","","EN-1092-1 TIPO 32","ARO EN-1092-1 TIPO 32 PN40"]
["ARO","300","PN40","","410","327.5","34","","","","","","EN-1092-1 TIPO 32","ARO EN-1092-1 TIPO 32 PN40"]
["ARO","350","PN40","","465","359.5","36","","","","","","EN-1092-1 TIPO 32","ARO EN-1092-1 TIPO 32 PN40"]
["ARO","400","PN40","","535","411","42","","","","","","EN-1092-1 TIPO 32","ARO EN-1092-1 TIPO 32 PN40"]
["ARO","450","PN40","","560","462","46","","","","","","EN-1092-1 TIPO 32","ARO EN-1092-1 TIPO 32 PN40"]
["ARO","500","PN40","","615","513.5","50","","","","","","EN-1092-1 TIPO 32","ARO EN-1092-1 TIPO 32 PN40"]
["ARO","600","PN40","","735","616.5","54","","","","","","EN-1092-1 TIPO 32","ARO EN-1092-1 TIPO 32 PN40"]
["COLLARIN","10","PN10","","40","17.2","12","","","","","DIN 2673 (Antigua)","EN-1092-1 TIPO 34","COLLARIN EN-1092-1 TIPO 34 PN10"]
["COLLARIN","15","PN10","","45","21.3","12","","","","","DIN 2673 (Antigua)","EN-1092-1 TIPO 34","COLLARIN EN-1092-1 TIPO 34 PN10"]
["COLLARIN","20","PN10","","58","26.9","14","","","","","DIN 2673 (Antigua)","EN-1092-1 TIPO 34","COLLARIN EN-1092-1 TIPO 34 PN10"]
["COLLARIN","25","PN10","","68","33.7","14","","","","","DIN 2673 (Antigua)","EN-1092-1 TIPO 34","COLLARIN EN-1092-1 TIPO 34 PN10"]
["COLLARIN","32","PN10","","78","42.4","14","","","","","DIN 2673 (Antigua)","EN-1092-1 TIPO 34","COLLARIN EN-1092-1 TIPO 34 PN10"]
["COLLARIN","40","PN10","","88","48.3","14","","","","","DIN 2673 (Antigua)","EN-1092-1 TIPO 34","COLLARIN EN-1092-1 TIPO 34 PN10"]
["COLLARIN","50","PN10","","102","60.3","16","","","","","DIN 2673 (Antigua)","EN-1092-1 TIPO 34","COLLARIN EN-1092-1 TIPO 34 PN10"]
["COLLARIN","65","PN10","","122","76.1","16","","","","","DIN 2673 (Antigua)","EN-1092-1 TIPO 34","COLLARIN EN-1092-1 TIPO 34 PN10"]
["COLLARIN","80","PN10","","138","88.9","16","","","","","DIN 2673 (Antigua)","EN-1092-1 TIPO 34","COLLARIN EN-1092-1 TIPO 34 PN10"]
["COLLARIN","100","PN10","","158","114.3","18","","","","","DIN 2673 (Antigua)","EN-1092-1 TIPO 34","COLLARIN EN-1092-1 TIPO 34 PN10"]
["COLLARIN","125","PN10","","188","139.7","18","","","","","DIN 2673 (Antigua)","EN-1092-1 TIPO 34","COLLARIN EN-1092-1 TIPO 34 PN10"]
["COLLARIN","150","PN10","","212","168.3","20","","","","","DIN 2673 (Antigua)","EN-1092-1 TIPO 34","COLLARIN EN-1092-1 TIPO 34 PN10"]
["COLLARIN","200","PN10","","268","219.1","20","","","","","DIN 2673 (Antigua)","EN-1092-1 TIPO 34","COLLARIN EN-1092-1 TIPO 34 PN10"]
["COLLARIN","250","PN10","","320","273","22","","","","","DIN 2673 (Antigua)","EN-1092-1 TIPO 34","COLLARIN EN-1092-1 TIPO 34 PN10"]
["COLLARIN","300","PN10","","370","323.9","22","","","","","DIN 2673 (Antigua)","EN-1092-1 TIPO 34","COLLARIN EN-1092-1 TIPO 34 PN10"]
["COLLARIN","350","PN10","","430","335.6","22","","","","","DIN 2673 (Antigua)","EN-1092-1 TIPO 34","COLLARIN EN-1092-1 TIPO 34 PN10"]
["COLLARIN","400","PN10","","482","406.4","24","","","","","DIN 2673 (Antigua)","EN-1092-1 TIPO 34","COLLARIN EN-1092-1 TIPO 34 PN10"]
["COLLARIN","450","PN10","","532","457","24","","","","","DIN 2673 (Antigua)","EN-1092-1 TIPO 34","COLLARIN EN-1092-1 TIPO 34 PN10"]
["COLLARIN","500","PN10","","585","508","26","","","","","DIN 2673 (Antigua)","EN-1092-1 TIPO 34","COLLARIN EN-1092-1 TIPO 34 PN10"]
["COLLARIN","600","PN10","","685","610","26","","","","","DIN 2673 (Antigua)","EN-1092-1 TIPO 34","COLLARIN EN-1092-1 TIPO 34 PN10"]
["COLLARIN","10","PN16","","40","17.2","14","","","","","DIN 2674 (Antigua)","EN-1092-1 TIPO 34","COLLARIN EN-1092-1 TIPO 34 PN16"]
["COLLARIN","15","PN16","","45","21.3","14","","","","","DIN 2674 (Antigua)","EN-1092-1 TIPO 34","COLLARIN EN-1092-1 TIPO 34 PN16"]
["COLLARIN","20","PN16","","58","26.9","14","","","","","DIN 2674 (Antigua)","EN-1092-1 TIPO 34","COLLARIN EN-1092-1 TIPO 34 PN16"]
["COLLARIN","25","PN16","","68","33.7","14","","","","","DIN 2674 (Antigua)","EN-1092-1 TIPO 34","COLLARIN EN-1092-1 TIPO 34 PN16"]
["COLLARIN","32","PN16","","78","42.4","18","","","","","DIN 2674 (Antigua)","EN-1092-1 TIPO 34","COLLARIN EN-1092-1 TIPO 34 PN16"]
["COLLARIN","40","PN16","","88","48.3","18","","","","","DIN 2674 (Antigua)","EN-1092-1 TIPO 34","COLLARIN EN-1092-1 TIPO 34 PN16"]
["COLLARIN","50","PN16","","102","60.3","18","","","","","DIN 2674 (Antigua)","EN-1092-1 TIPO 34","COLLARIN EN-1092-1 TIPO 34 PN16"]
["COLLARIN","65","PN16","","122","76.1","18","","","","","DIN 2674 (Antigua)","EN-1092-1 TIPO 34","COLLARIN EN-1092-1 TIPO 34 PN16"]
["COLLARIN","80","PN16","","138","88.9","18","","","","","DIN 2674 (Antigua)","EN-1092-1 TIPO 34","COLLARIN EN-1092-1 TIPO 34 PN16"]
["COLLARIN","100","PN16","","158","114.3","18","","","","","DIN 2674 (Antigua)","EN-1092-1 TIPO 34","COLLARIN EN-1092-1 TIPO 34 PN16"]
["COLLARIN","125","PN16","","188","139.7","18","","","","","DIN 2674 (Antigua)","EN-1092-1 TIPO 34","COLLARIN EN-1092-1 TIPO 34 PN16"]
["COLLARIN","150","PN16","","212","168.3","18","","","","","DIN 2674 (Antigua)","EN-1092-1 TIPO 34","COLLARIN EN-1092-1 TIPO 34 PN16"]
["COLLARIN","200","PN16","","268","219.1","22","","","","","DIN 2674 (Antigua)","EN-1092-1 TIPO 34","COLLARIN EN-1092-1 TIPO 34 PN16"]
["COLLARIN","250","PN16","","320","273","26","","","","","DIN 2674 (Antigua)","EN-1092-1 TIPO 34","COLLARIN EN-1092-1 TIPO 34 PN16"]
["COLLARIN","300","PN16","","378","323.9","26","","","","","DIN 2674 (Antigua)","EN-1092-1 TIPO 34","COLLARIN EN-1092-1 TIPO 34 PN16"]
["COLLARIN","350","PN16","","438","355.6","26","","","","","DIN 2674 (Antigua)","EN-1092-1 TIPO 34","COLLARIN EN-1092-1 TIPO 34 PN16"]
["COLLARIN","400","PN16","","490","406.4","30","","","","","DIN 2674 (Antigua)","EN-1092-1 TIPO 34","COLLARIN EN-1092-1 TIPO 34 PN16"]
["COLLARIN","450","PN16","","550","457","30","","","","","DIN 2674 (Antigua)","EN-1092-1 TIPO 34","COLLARIN EN-1092-1 TIPO 34 PN16"]
["COLLARIN","500","PN16","","610","508","33","","","","","DIN 2674 (Antigua)","EN-1092-1 TIPO 34","COLLARIN EN-1092-1 TIPO 34 PN16"]
["COLLARIN","600","PN16","","725","610","36","","","","","DIN 2674 (Antigua)","EN-1092-1 TIPO 34","COLLARIN EN-1092-1 TIPO 34 PN16"]
["COLLARIN","10","PN25","","40","17.2","12","","","","","DIN 2675 (Antigua)","EN-1092-1 TIPO 34","COLLARIN EN-1092-1 TIPO 34 PN25"]
["COLLARIN","15","PN25","","45","21.3","12","","","","","DIN 2675 (Antigua)","EN-1092-1 TIPO 34","COLLARIN EN-1092-1 TIPO 34 PN25"]
["COLLARIN","20","PN25","","58","26.9","14","","","","","DIN 2675 (Antigua)","EN-1092-1 TIPO 34","COLLARIN EN-1092-1 TIPO 34 PN25"]
["COLLARIN","25","PN25","","68","33.7","14","","","","","DIN 2675 (Antigua)","EN-1092-1 TIPO 34","COLLARIN EN-1092-1 TIPO 34 PN25"]
["COLLARIN","32","PN25","","78","42.4","14","","","","","DIN 2675 (Antigua)","EN-1092-1 TIPO 34","COLLARIN EN-1092-1 TIPO 34 PN25"]
["COLLARIN","40","PN25","","88","48.3","14","","","","","DIN 2675 (Antigua)","EN-1092-1 TIPO 34","COLLARIN EN-1092-1 TIPO 34 PN25"]
["COLLARIN","50","PN25","","102","60.3","16","","","","","DIN 2675 (Antigua)","EN-1092-1 TIPO 34","COLLARIN EN-1092-1 TIPO 34 PN25"]
["COLLARIN","65","PN25","","122","76.1","16","","","","","DIN 2675 (Antigua)","EN-1092-1 TIPO 34","COLLARIN EN-1092-1 TIPO 34 PN25"]
["COLLARIN","80","PN25","","138","88.9","18","","","","","DIN 2675 (Antigua)","EN-1092-1 TIPO 34","COLLARIN EN-1092-1 TIPO 34 PN25"]
["COLLARIN","100","PN25","","162","114.3","20","","","","","DIN 2675 (Antigua)","EN-1092-1 TIPO 34","COLLARIN EN-1092-1 TIPO 34 PN25"]
["COLLARIN","125","PN25","","188","139.7","22","","","","","DIN 2675 (Antigua)","EN-1092-1 TIPO 34","COLLARIN EN-1092-1 TIPO 34 PN25"]
["COLLARIN","150","PN25","","218","168.3","24","","","","","DIN 2675 (Antigua)","EN-1092-1 TIPO 34","COLLARIN EN-1092-1 TIPO 34 PN25"]
["COLLARIN","200","PN25","","278","219.1","26","","","","","DIN 2675 (Antigua)","EN-1092-1 TIPO 34","COLLARIN EN-1092-1 TIPO 34 PN25"]
["COLLARIN","250","PN25","","335","273.5","26","","","","","DIN 2675 (Antigua)","EN-1092-1 TIPO 34","COLLARIN EN-1092-1 TIPO 34 PN25"]
["COLLARIN","300","PN25","","395","323.9","28","","","","","DIN 2675 (Antigua)","EN-1092-1 TIPO 34","COLLARIN EN-1092-1 TIPO 34 PN25"]
["COLLARIN","350","PN25","","450","355.6","32","","","","","DIN 2675 (Antigua)","EN-1092-1 TIPO 34","COLLARIN EN-1092-1 TIPO 34 PN25"]
["COLLARIN","400","PN25","","505","406.4","34","","","","","DIN 2675 (Antigua)","EN-1092-1 TIPO 34","COLLARIN EN-1092-1 TIPO 34 PN25"]
["COLLARIN","450","PN25","","555","457","36","","","","","DIN 2675 (Antigua)","EN-1092-1 TIPO 34","COLLARIN EN-1092-1 TIPO 34 PN25"]
["COLLARIN","500","PN25","","615","508","38","","","","","DIN 2675 (Antigua)","EN-1092-1 TIPO 34","COLLARIN EN-1092-1 TIPO 34 PN25"]
["COLLARIN","600","PN25","","720","610","40","","","","","DIN 2675 (Antigua)","EN-1092-1 TIPO 34","COLLARIN EN-1092-1 TIPO 34 PN25"]
["COLLARIN","10","PN40","","40","17.2","12","","","","","DIN 2676 (Antigua)","EN-1092-1 TIPO 34","COLLARIN EN-1092-1 TIPO 34 PN40"]
["COLLARIN","15","PN40","","45","21.3","12","","","","","DIN 2676 (Antigua)","EN-1092-1 TIPO 34","COLLARIN EN-1092-1 TIPO 34 PN40"]
["COLLARIN","20","PN40","","58","26.9","14","","","","","DIN 2676 (Antigua)","EN-1092-1 TIPO 34","COLLARIN EN-1092-1 TIPO 34 PN40"]
["COLLARIN","25","PN40","","68","33.7","14","","","","","DIN 2676 (Antigua)","EN-1092-1 TIPO 34","COLLARIN EN-1092-1 TIPO 34 PN40"]
["COLLARIN","32","PN40","","78","42.4","14","","","","","DIN 2676 (Antigua)","EN-1092-1 TIPO 34","COLLARIN EN-1092-1 TIPO 34 PN40"]
["COLLARIN","40","PN40","","88","48.3","14","","","","","DIN 2676 (Antigua)","EN-1092-1 TIPO 34","COLLARIN EN-1092-1 TIPO 34 PN40"]
["COLLARIN","50","PN40","","102","60.3","16","","","","","DIN 2676 (Antigua)","EN-1092-1 TIPO 34","COLLARIN EN-1092-1 TIPO 34 PN40"]
["COLLARIN","65","PN40","","122","76.1","16","","","","","DIN 2676 (Antigua)","EN-1092-1 TIPO 34","COLLARIN EN-1092-1 TIPO 34 PN40"]
["COLLARIN","80","PN40","","138","88.9","18","","","","","DIN 2676 (Antigua)","EN-1092-1 TIPO 34","COLLARIN EN-1092-1 TIPO 34 PN40"]
["COLLARIN","100","PN40","","162","114.3","20","","","","","DIN 2676 (Antigua)","EN-1092-1 TIPO 34","COLLARIN EN-1092-1 TIPO 34 PN40"]
["COLLARIN","125","PN40","","188","139.7","22","","","","","DIN 2676 (Antigua)","EN-1092-1 TIPO 34","COLLARIN EN-1092-1 TIPO 34 PN40"]
["COLLARIN","150","PN40","","218","168.3","24","","","","","DIN 2676 (Antigua)","EN-1092-1 TIPO 34","COLLARIN EN-1092-1 TIPO 34 PN40"]
["COLLARIN","200","PN40","","285","219.1","28","","","","","DIN 2676 (Antigua)","EN-1092-1 TIPO 34","COLLARIN EN-1092-1 TIPO 34 PN40"]
["COLLARIN","250","PN40","","345","273","30","","","","","DIN 2676 (Antigua)","EN-1092-1 TIPO 34","COLLARIN EN-1092-1 TIPO 34 PN40"]
["COLLARIN","300","PN40","","410","323.9","34","","","","","DIN 2676 (Antigua)","EN-1092-1 TIPO 34","COLLARIN EN-1092-1 TIPO 34 PN40"]
["COLLARIN","350","PN40","","465","355.6","36","","","","","DIN 2676 (Antigua)","EN-1092-1 TIPO 34","COLLARIN EN-1092-1 TIPO 34 PN40"]
["COLLARIN","400","PN40","","535","406.4","42","","","","","DIN 2676 (Antigua)","EN-1092-1 TIPO 34","COLLARIN EN-1092-1 TIPO 34 PN40"]
["COLLARIN","450","PN40","","560","457","46","","","","","DIN 2676 (Antigua)","EN-1092-1 TIPO 34","COLLARIN EN-1092-1 TIPO 34 PN40"]
["COLLARIN","500","PN40","","615","508","50","","","","","DIN 2676 (Antigua)","EN-1092-1 TIPO 34","COLLARIN EN-1092-1 TIPO 34 PN40"]
["COLLARIN","600","PN40","","735","610","54","","","","","DIN 2676 (Antigua)","EN-1092-1 TIPO 34","COLLARIN EN-1092-1 TIPO 34 PN40"]
["LOCA","10","PN6","","75","21","12","","4","11","50","DIN 2641 (Antigua)","EN-1092-1 TIPO 02","BRIDA LOCA EN-1092-1 TIPO 02 PN6"]
["LOCA","15","PN6","","80","25","12","","4","11","55","DIN 2641 (Antigua)","EN-1092-1 TIPO 02","BRIDA LOCA EN-1092-1 TIPO 02 PN6"]
["LOCA","20","PN6","","90","31","14","","4","11","65","DIN 2641 (Antigua)","EN-1092-1 TIPO 02","BRIDA LOCA EN-1092-1 TIPO 02 PN6"]
["LOCA","25","PN6","","100","38","14","","4","11","75","DIN 2641 (Antigua)","EN-1092-1 TIPO 02","BRIDA LOCA EN-1092-1 TIPO 02 PN6"]
["LOCA","32","PN6","","120","46","16","","4","14","90","DIN 2641 (Antigua)","EN-1092-1 TIPO 02","BRIDA LOCA EN-1092-1 TIPO 02 PN6"]
["LOCA","40","PN6","","130","53","16","","4","14","100","DIN 2641 (Antigua)","EN-1092-1 TIPO 02","BRIDA LOCA EN-1092-1 TIPO 02 PN6"]
["LOCA","50","PN6","","140","65","16","","4","14","110","DIN 2641 (Antigua)","EN-1092-1 TIPO 02","BRIDA LOCA EN-1092-1 TIPO 02 PN6"]
["LOCA","65","PN6","","160","81","16","","4","14","130","DIN 2641 (Antigua)","EN-1092-1 TIPO 02","BRIDA LOCA EN-1092-1 TIPO 02 PN6"]
["LOCA","80","PN6","","190","94","18","","4","18","150","DIN 2641 (Antigua)","EN-1092-1 TIPO 02","BRIDA LOCA EN-1092-1 TIPO 02 PN6"]
["LOCA","100","PN6","","210","120","18","","4","18","170","DIN 2641 (Antigua)","EN-1092-1 TIPO 02","BRIDA LOCA EN-1092-1 TIPO 02 PN6"]
["LOCA","125","PN6","","240","145","20","","8","18","200","DIN 2641 (Antigua)","EN-1092-1 TIPO 02","BRIDA LOCA EN-1092-1 TIPO 02 PN6"]
["LOCA","150","PN6","","265","174","20","","8","18","225","DIN 2641 (Antigua)","EN-1092-1 TIPO 02","BRIDA LOCA EN-1092-1 TIPO 02 PN6"]
["LOCA","200","PN6","","320","226","22","","8","18","280","DIN 2641 (Antigua)","EN-1092-1 TIPO 02","BRIDA LOCA EN-1092-1 TIPO 02 PN6"]
["LOCA","250","PN6","","375","281","24","","12","18","335","DIN 2641 (Antigua)","EN-1092-1 TIPO 02","BRIDA LOCA EN-1092-1 TIPO 02 PN6"]
["LOCA","300","PN6","","440","333","24","","12","22","395","DIN 2641 (Antigua)","EN-1092-1 TIPO 02","BRIDA LOCA EN-1092-1 TIPO 02 PN6"]
["LOCA","350","PN6","","490","365","26","","12","22","445","DIN 2641 (Antigua)","EN-1092-1 TIPO 02","BRIDA LOCA EN-1092-1 TIPO 02 PN6"]
["LOCA","400","PN6","","540","416","28","","16","22","495","DIN 2641 (Antigua)","EN-1092-1 TIPO 02","BRIDA LOCA EN-1092-1 TIPO 02 PN6"]
["LOCA","450","PN6","","595","467","30","","16","22","550","DIN 2641 (Antigua)","EN-1092-1 TIPO 02","BRIDA LOCA EN-1092-1 TIPO 02 PN6"]
["LOCA","500","PN6","","645","519","30","","20","22","600","DIN 2641 (Antigua)","EN-1092-1 TIPO 02","BRIDA LOCA EN-1092-1 TIPO 02 PN6"]
["LOCA","600","PN6","","755","622","32","","20","26","705","DIN 2641 (Antigua)","EN-1092-1 TIPO 02","BRIDA LOCA EN-1092-1 TIPO 02 PN6"]
["LOCA","700","PN6","","860","721","40","","24","26","810","DIN 2641 (Antigua)","EN-1092-1 TIPO 02","BRIDA LOCA EN-1092-1 TIPO 02 PN6"]
["LOCA","800","PN6","","975","824","44","","24","30","920","DIN 2641 (Antigua)","EN-1092-1 TIPO 02","BRIDA LOCA EN-1092-1 TIPO 02 PN6"]
["LOCA","900","PN6","","1075","926","48","","24","30","1020","DIN 2641 (Antigua)","EN-1092-1 TIPO 02","BRIDA LOCA EN-1092-1 TIPO 02 PN6"]
["LOCA","1000","PN6","","1175","1028","52","","28","30","1120","DIN 2641 (Antigua)","EN-1092-1 TIPO 02","BRIDA LOCA EN-1092-1 TIPO 02 PN6"]
["LOCA","1200","PN6","","1405","1234","60","","32","33","1340","DIN 2641 (Antigua)","EN-1092-1 TIPO 02","BRIDA LOCA EN-1092-1 TIPO 02 PN6"]
["CIEGA","200","PN10","","340","","24","","8","20","295","EN-1092-1 TIPO 05","DIN 2527 (Antigua)","BRIDA CIEGA DIN 2527 PN10"]
["CIEGA","250","PN10","","395","","26","","12","20","350","EN-1092-1 TIPO 05","DIN 2527 (Antigua)","BRIDA CIEGA DIN 2527 PN10"]
["CIEGA","300","PN10","","445","","26","","12","20","400","EN-1092-1 TIPO 05","DIN 2527 (Antigua)","BRIDA CIEGA DIN 2527 PN10"]
["CIEGA","350","PN10","","505","","26","","16","20","460","EN-1092-1 TIPO 05","DIN 2527 (Antigua)","BRIDA CIEGA DIN 2527 PN10"]
["CIEGA","400","PN10","","565","","26","","16","24","515","EN-1092-1 TIPO 05","DIN 2527 (Antigua)","BRIDA CIEGA DIN 2527 PN10"]
["CIEGA","500","PN10","","670","","28","","20","24","620","EN-1092-1 TIPO 05","DIN 2527 (Antigua)","BRIDA CIEGA DIN 2527 PN10"]
["CIEGA","10","PN16","","90","","14","","4","12","60","EN-1092-1 TIPO 05","DIN 2527 (Antigua)","BRIDA CIEGA DIN 2527 PN16"]
["CIEGA","15","PN16","","95","","14","","4","12","65","EN-1092-1 TIPO 05","DIN 2527 (Antigua)","BRIDA CIEGA DIN 2527 PN16"]
["CIEGA","20","PN16","","105","","16","","4","12","75","EN-1092-1 TIPO 05","DIN 2527 (Antigua)","BRIDA CIEGA DIN 2527 PN16"]
["CIEGA","25","PN16","","115","","16","","4","12","85","EN-1092-1 TIPO 05","DIN 2527 (Antigua)","BRIDA CIEGA DIN 2527 PN16"]
["CIEGA","32","PN16","","140","","16","","4","16","100","EN-1092-1 TIPO 05","DIN 2527 (Antigua)","BRIDA CIEGA DIN 2527 PN16"]
["CIEGA","40","PN16","","150","","16","","4","16","110","EN-1092-1 TIPO 05","DIN 2527 (Antigua)","BRIDA CIEGA DIN 2527 PN16"]
["CIEGA","50","PN16","","165","","18","","4","16","125","EN-1092-1 TIPO 05","DIN 2527 (Antigua)","BRIDA CIEGA DIN 2527 PN16"]
["CIEGA","65","PN16","","185","","18","","4","16","145","EN-1092-1 TIPO 05","DIN 2527 (Antigua)","BRIDA CIEGA DIN 2527 PN16"]
["CIEGA","80","PN16","","200","","20","","8","16","160","EN-1092-1 TIPO 05","DIN 2527 (Antigua)","BRIDA CIEGA DIN 2527 PN16"]
["CIEGA","100","PN16","","220","","20","","8","16","180","EN-1092-1 TIPO 05","DIN 2527 (Antigua)","BRIDA CIEGA DIN 2527 PN16"]
["CIEGA","125","PN16","","250","","22","","8","16","210","EN-1092-1 TIPO 05","DIN 2527 (Antigua)","BRIDA CIEGA DIN 2527 PN16"]
["CIEGA","150","PN16","","285","","22","","8","20","240","EN-1092-1 TIPO 05","DIN 2527 (Antigua)","BRIDA CIEGA DIN 2527 PN16"]
["CIEGA","200","PN16","","340","","24","","12","20","295","EN-1092-1 TIPO 05","DIN 2527 (Antigua)","BRIDA CIEGA DIN 2527 PN16"]
["CIEGA","250","PN16","","405","","26","","12","24","355","EN-1092-1 TIPO 05","DIN 2527 (Antigua)","BRIDA CIEGA DIN 2527 PN16"]
["CIEGA","300","PN16","","460","","28","","12","24","410","EN-1092-1 TIPO 05","DIN 2527 (Antigua)","BRIDA CIEGA DIN 2527 PN16"]
["CIEGA","350","PN16","","520","","30","","16","24","470","EN-1092-1 TIPO 05","DIN 2527 (Antigua)","BRIDA CIEGA DIN 2527 PN16"]
["CIEGA","400","PN16","","580","","32","","16","27","525","EN-1092-1 TIPO 05","DIN 2527 (Antigua)","BRIDA CIEGA DIN 2527 PN16"]
["CIEGA","500","PN16","","715","","44","","20","30","650","EN-1092-1 TIPO 05","DIN 2527 (Antigua)","BRIDA CIEGA DIN 2527 PN16"]
["CIEGA","175","PN25","","330","","28","","12","24","280","EN-1092-1 TIPO 05","DIN 2527 (Antigua)","BRIDA CIEGA DIN 2527 PN25"]
["CIEGA","200","PN25","","360","","30","","12","24","310","EN-1092-1 TIPO 05","DIN 2527 (Antigua)","BRIDA CIEGA DIN 2527 PN25"]
["CIEGA","250","PN25","","425","","32","","12","27","370","EN-1092-1 TIPO 05","DIN 2527 (Antigua)","BRIDA CIEGA DIN 2527 PN25"]
["CIEGA","300","PN25","","485","","34","","16","27","430","EN-1092-1 TIPO 05","DIN 2527 (Antigua)","BRIDA CIEGA DIN 2527 PN25"]
["CIEGA","350","PN25","","555","","38","","16","30","490","EN-1092-1 TIPO 05","DIN 2527 (Antigua)","BRIDA CIEGA DIN 2527 PN25"]
["CIEGA","400","PN25","","620","","40","","16","33","550","EN-1092-1 TIPO 05","DIN 2527 (Antigua)","BRIDA CIEGA DIN 2527 PN25"]
["CIEGA","500","PN25","","730","","45","","20","33","660","EN-1092-1 TIPO 05","DIN 2527 (Antigua)","BRIDA CIEGA DIN 2527 PN25"]
["CIEGA","10","PN40","","90","","16","","4","12","60","EN-1092-1 TIPO 05","DIN 2527 (Antigua)","BRIDA CIEGA DIN 2527 PN40"]
["CIEGA","15","PN40","","95","","16","","4","12","65","EN-1092-1 TIPO 05","DIN 2527 (Antigua)","BRIDA CIEGA DIN 2527 PN40"]
["CIEGA","20","PN40","","105","","18","","4","12","75","EN-1092-1 TIPO 05","DIN 2527 (Antigua)","BRIDA CIEGA DIN 2527 PN40"]
["CIEGA","25","PN40","","115","","18","","4","12","85","EN-1092-1 TIPO 05","DIN 2527 (Antigua)","BRIDA CIEGA DIN 2527 PN40"]
["CIEGA","32","PN40","","140","","18","","4","16","100","EN-1092-1 TIPO 05","DIN 2527 (Antigua)","BRIDA CIEGA DIN 2527 PN40"]
["CIEGA","40","PN40","","150","","18","","4","16","110","EN-1092-1 TIPO 05","DIN 2527 (Antigua)","BRIDA CIEGA DIN 2527 PN40"]
["CIEGA","50","PN40","","165","","20","","4","16","125","EN-1092-1 TIPO 05","DIN 2527 (Antigua)","BRIDA CIEGA DIN 2527 PN40"]
["CIEGA","65","PN40","","185","","22","","8","16","145","EN-1092-1 TIPO 05","DIN 2527 (Antigua)","BRIDA CIEGA DIN 2527 PN40"]
["CIEGA","80","PN40","","200","","24","","8","16","160","EN-1092-1 TIPO 05","DIN 2527 (Antigua)","BRIDA CIEGA DIN 2527 PN40"]
["CIEGA","100","PN40","","235","","24","","8","20","190","EN-1092-1 TIPO 05","DIN 2527 (Antigua)","BRIDA CIEGA DIN 2527 PN40"]
["CIEGA","125","PN40","","270","","26","","8","24","220","EN-1092-1 TIPO 05","DIN 2527 (Antigua)","BRIDA CIEGA DIN 2527 PN40"]
["CIEGA","150","PN40","","300","","28","","8","24","250","EN-1092-1 TIPO 05","DIN 2527 (Antigua)","BRIDA CIEGA DIN 2527 PN40"]
["CIEGA","200","PN40","","375","","34","","12","27","320","EN-1092-1 TIPO 05","DIN 2527 (Antigua)","BRIDA CIEGA DIN 2527 PN40"]
["CIEGA","250","PN40","","450","","38","","12","30","385","EN-1092-1 TIPO 05","DIN 2527 (Antigua)","BRIDA CIEGA DIN 2527 PN40"]
["CIEGA","300","PN40","","515","","42","","16","30","450","EN-1092-1 TIPO 05","DIN 2527 (Antigua)","BRIDA CIEGA DIN 2527 PN40"]
["CIEGA","350","PN40","","580","","46","","16","33","510","EN-1092-1 TIPO 05","DIN 2527 (Antigua)","BRIDA CIEGA DIN 2527 PN40"]
["CIEGA","400","PN40","","660","","50","","16","36","585","EN-1092-1 TIPO 05","DIN 2527 (Antigua)","BRIDA CIEGA DIN 2527 PN40"]
["CIEGA","500","PN40","","755","","56","","20","39","670","EN-1092-1 TIPO 05","DIN 2527 (Antigua)","BRIDA CIEGA DIN 2527 PN40"]
["PLANA","10","PN10","","90","17.2","14","","4","12","60","EN-1092-1 TIPO 01","DIN 2576 (Antigua)","BRIDA PLANA DIN 2576 PN10"]
["PLANA","15","PN10","","95","21.3","14","","4","12","65","EN-1092-1 TIPO 01","DIN 2576 (Antigua)","BRIDA PLANA DIN 2576 PN10"]
["PLANA","20","PN10","","105","26.9","16","","4","12","75","EN-1092-1 TIPO 01","DIN 2576 (Antigua)","BRIDA PLANA DIN 2576 PN10"]
["PLANA","25","PN10","","115","33.7","16","","4","12","85","EN-1092-1 TIPO 01","DIN 2576 (Antigua)","BRIDA PLANA DIN 2576 PN10"]
["PLANA","32","PN10","","140","42.4","16","","4","16","100","EN-1092-1 TIPO 01","DIN 2576 (Antigua)","BRIDA PLANA DIN 2576 PN10"]
["PLANA","40","PN10","","150","48.3","16","","4","16","110","EN-1092-1 TIPO 01","DIN 2576 (Antigua)","BRIDA PLANA DIN 2576 PN10"]
["PLANA","50","PN10","","165","60.3","18","","4","16","125","EN-1092-1 TIPO 01","DIN 2576 (Antigua)","BRIDA PLANA DIN 2576 PN10"]
["PLANA","65","PN10","","185","76.1","18","","4","16","145","EN-1092-1 TIPO 01","DIN 2576 (Antigua)","BRIDA PLANA DIN 2576 PN10"]
["PLANA","80","PN10","","200","88.9","20","","8","16","160","EN-1092-1 TIPO 01","DIN 2576 (Antigua)","BRIDA PLANA DIN 2576 PN10"]
["PLANA","100","PN10","","220","114.3","20","","8","16","180","EN-1092-1 TIPO 01","DIN 2576 (Antigua)","BRIDA PLANA DIN 2576 PN10"]
["PLANA","125","PN10","","250","139.7","22","","8","16","210","EN-1092-1 TIPO 01","DIN 2576 (Antigua)","BRIDA PLANA DIN 2576 PN10"]
["PLANA","150","PN10","","285","168.3","22","","8","20","240","EN-1092-1 TIPO 01","DIN 2576 (Antigua)","BRIDA PLANA DIN 2576 PN10"]
["PLANA","200","PN10","","340","219.1","24","","8","20","295","EN-1092-1 TIPO 01","DIN 2576 (Antigua)","BRIDA PLANA DIN 2576 PN10"]
["PLANA","250","PN10","","395","273","26","","12","20","350","EN-1092-1 TIPO 01","DIN 2576 (Antigua)","BRIDA PLANA DIN 2576 PN10"]
["PLANA","300","PN10","","445","323.9","26","","12","20","400","EN-1092-1 TIPO 01","DIN 2576 (Antigua)","BRIDA PLANA DIN 2576 PN10"]
["PLANA","350","PN10","","505","355.6","28","","16","20","460","EN-1092-1 TIPO 01","DIN 2576 (Antigua)","BRIDA PLANA DIN 2576 PN10"]
["PLANA","400","PN10","","565","406.4","32","","16","24","515","EN-1092-1 TIPO 01","DIN 2576 (Antigua)","BRIDA PLANA DIN 2576 PN10"]
["PLANA","450","PN10","","615","457","38","","20","24","565","EN-1092-1 TIPO 01","DIN 2576 (Antigua)","BRIDA PLANA DIN 2576 PN10"]
["PLANA","500","PN10","","670","508","38","","20","24","620","EN-1092-1 TIPO 01","DIN 2576 (Antigua)","BRIDA PLANA DIN 2576 PN10"]
["PLANA","10","PN16","","90","17.2","14","","4","12","60","EN-1092-1 TIPO 01","DIN 2502 (Antigua)","BRIDA PLANA DIN 2502 PN16"]
["PLANA","15","PN16","","95","21.3","14","","4","12","65","EN-1092-1 TIPO 01","DIN 2502 (Antigua)","BRIDA PLANA DIN 2502 PN16"]
["PLANA","20","PN16","","105","26.9","16","","4","12","75","EN-1092-1 TIPO 01","DIN 2502 (Antigua)","BRIDA PLANA DIN 2502 PN16"]
["PLANA","25","PN16","","115","33.7","16","","4","12","85","EN-1092-1 TIPO 01","DIN 2502 (Antigua)","BRIDA PLANA DIN 2502 PN16"]
["PLANA","32","PN16","","140","42.4","16","","4","16","100","EN-1092-1 TIPO 01","DIN 2502 (Antigua)","BRIDA PLANA DIN 2502 PN16"]
["PLANA","40","PN16","","150","48.3","16","","4","16","110","EN-1092-1 TIPO 01","DIN 2502 (Antigua)","BRIDA PLANA DIN 2502 PN16"]
["PLANA","50","PN16","","165","60.3","18","","4","16","125","EN-1092-1 TIPO 01","DIN 2502 (Antigua)","BRIDA PLANA DIN 2502 PN16"]
["PLANA","65","PN16","","185","76.1","18","","4","16","145","EN-1092-1 TIPO 01","DIN 2502 (Antigua)","BRIDA PLANA DIN 2502 PN16"]
["PLANA","80","PN16","","200","88.9","20","","8","16","160","EN-1092-1 TIPO 01","DIN 2502 (Antigua)","BRIDA PLANA DIN 2502 PN16"]
["PLANA","100","PN16","","220","114.3","20","","8","16","180","EN-1092-1 TIPO 01","DIN 2502 (Antigua)","BRIDA PLANA DIN 2502 PN16"]
["PLANA","125","PN16","","250","139.7","22","","8","16","210","EN-1092-1 TIPO 01","DIN 2502 (Antigua)","BRIDA PLANA DIN 2502 PN16"]
["PLANA","150","PN16","","285","168.3","22","","8","20","240","EN-1092-1 TIPO 01","DIN 2502 (Antigua)","BRIDA PLANA DIN 2502 PN16"]
["PLANA","200","PN16","","340","219.1","24","","12","20","295","EN-1092-1 TIPO 01","DIN 2502 (Antigua)","BRIDA PLANA DIN 2502 PN16"]
["PLANA","250","PN16","","405","273","26","","12","24","355","EN-1092-1 TIPO 01","DIN 2502 (Antigua)","BRIDA PLANA DIN 2502 PN16"]
["PLANA","300","PN16","","460","323.9","28","","12","24","410","EN-1092-1 TIPO 01","DIN 2502 (Antigua)","BRIDA PLANA DIN 2502 PN16"]
["PLANA","350","PN16","","520","355.6","30","","16","24","470","EN-1092-1 TIPO 01","DIN 2502 (Antigua)","BRIDA PLANA DIN 2502 PN16"]
["PLANA","400","PN16","","580","406.4","32","","16","27","525","EN-1092-1 TIPO 01","DIN 2502 (Antigua)","BRIDA PLANA DIN 2502 PN16"]
["PLANA","500","PN16","","715","508","38","","20","30","650","EN-1092-1 TIPO 01","DIN 2502 (Antigua)","BRIDA PLANA DIN 2502 PN16"]
["PLANA","10","PN25","","90","17.2","16","","4","12","60","EN-1092-1 TIPO 01","DIN 2503 (Antigua)","BRIDA PLANA DIN 2503 PN25"]
["PLANA","15","PN25","","95","21.3","16","","4","12","65","EN-1092-1 TIPO 01","DIN 2503 (Antigua)","BRIDA PLANA DIN 2503 PN25"]
["PLANA","20","PN25","","105","26.9","18","","4","12","75","EN-1092-1 TIPO 01","DIN 2503 (Antigua)","BRIDA PLANA DIN 2503 PN25"]
["PLANA","25","PN25","","115","33.7","18","","4","12","85","EN-1092-1 TIPO 01","DIN 2503 (Antigua)","BRIDA PLANA DIN 2503 PN25"]
["PLANA","32","PN25","","140","42.4","18","","4","16","100","EN-1092-1 TIPO 01","DIN 2503 (Antigua)","BRIDA PLANA DIN 2503 PN25"]
["PLANA","40","PN25","","150","48.3","18","","4","16","110","EN-1092-1 TIPO 01","DIN 2503 (Antigua)","BRIDA PLANA DIN 2503 PN25"]
["PLANA","50","PN25","","165","60.3","20","","4","16","125","EN-1092-1 TIPO 01","DIN 2503 (Antigua)","BRIDA PLANA DIN 2503 PN25"]
["PLANA","65","PN25","","185","76.1","22","","8","16","145","EN-1092-1 TIPO 01","DIN 2503 (Antigua)","BRIDA PLANA DIN 2503 PN25"]
["PLANA","80","PN25","","200","88.9","24","","8","16","160","EN-1092-1 TIPO 01","DIN 2503 (Antigua)","BRIDA PLANA DIN 2503 PN25"]
["PLANA","100","PN25","","235","114.3","24","","8","20","190","EN-1092-1 TIPO 01","DIN 2503 (Antigua)","BRIDA PLANA DIN 2503 PN25"]
["PLANA","125","PN25","","270","139.7","26","","8","24","220","EN-1092-1 TIPO 01","DIN 2503 (Antigua)","BRIDA PLANA DIN 2503 PN25"]
["PLANA","150","PN25","","300","168.3","28","","8","24","250","EN-1092-1 TIPO 01","DIN 2503 (Antigua)","BRIDA PLANA DIN 2503 PN25"]
["PLANA","175","PN25","","330","193.7","28","","12","24","280","EN-1092-1 TIPO 01","DIN 2503 (Antigua)","BRIDA PLANA DIN 2503 PN25"]
["PLANA","200","PN25","","360","219.1","30","","12","24","310","EN-1092-1 TIPO 01","DIN 2503 (Antigua)","BRIDA PLANA DIN 2503 PN25"]
["PLANA","250","PN25","","425","273.5","32","","12","27","370","EN-1092-1 TIPO 01","DIN 2503 (Antigua)","BRIDA PLANA DIN 2503 PN25"]
["PLANA","300","PN25","","485","323.9","34","","16","27","430","EN-1092-1 TIPO 01","DIN 2503 (Antigua)","BRIDA PLANA DIN 2503 PN25"]
["PLANA","350","PN25","","555","355.6","38","","16","30","490","EN-1092-1 TIPO 01","DIN 2503 (Antigua)","BRIDA PLANA DIN 2503 PN25"]
["PLANA","400","PN25","","620","406.4","40","","16","33","550","EN-1092-1 TIPO 01","DIN 2503 (Antigua)","BRIDA PLANA DIN 2503 PN25"]
["PLANA","500","PN25","","730","508","44","","20","33","660","EN-1092-1 TIPO 01","DIN 2503 (Antigua)","BRIDA PLANA DIN 2503 PN25"]
["LOCA","10","PN10","","90","28","14","","4","12","60","EN-1092-1 TIPO 04","DIN 2673 (Antigua)","BRIDA LOCA DIN 2673 PN10"]
["LOCA","15","PN10","","95","34","14","","4","12","65","EN-1092-1 TIPO 04","DIN 2673 (Antigua)","BRIDA LOCA DIN 2673 PN10"]
["LOCA","20","PN10","","105","40","14","","4","12","75","EN-1092-1 TIPO 04","DIN 2673 (Antigua)","BRIDA LOCA DIN 2673 PN10"]
["LOCA","25","PN10","","115","48","16","","4","12","85","EN-1092-1 TIPO 04","DIN 2673 (Antigua)","BRIDA LOCA DIN 2673 PN10"]
["LOCA","32","PN10","","140","60","16","","4","16","100","EN-1092-1 TIPO 04","DIN 2673 (Antigua)","BRIDA LOCA DIN 2673 PN10"]
["LOCA","40","PN10","","150","66","16","","4","16","110","EN-1092-1 TIPO 04","DIN 2673 (Antigua)","BRIDA LOCA DIN 2673 PN10"]
["LOCA","50","PN10","","165","78","16","","4","16","125","EN-1092-1 TIPO 04","DIN 2673 (Antigua)","BRIDA LOCA DIN 2673 PN10"]
["LOCA","65","PN10","","185","92","16","","4","16","145","EN-1092-1 TIPO 04","DIN 2673 (Antigua)","BRIDA LOCA DIN 2673 PN10"]
["LOCA","80","PN10","","200","108","18","","8","16","160","EN-1092-1 TIPO 04","DIN 2673 (Antigua)","BRIDA LOCA DIN 2673 PN10"]
["LOCA","100","PN10","","220","135","18","","8","16","180","EN-1092-1 TIPO 04","DIN 2673 (Antigua)","BRIDA LOCA DIN 2673 PN10"]
["LOCA","125","PN10","","250","158","18","","8","16","210","EN-1092-1 TIPO 04","DIN 2673 (Antigua)","BRIDA LOCA DIN 2673 PN10"]
["LOCA","150","PN10","","285","180","18","","8","20","240","EN-1092-1 TIPO 04","DIN 2673 (Antigua)","BRIDA LOCA DIN 2673 PN10"]
["LOCA","200","PN10","","340","238","20","","8","20","295","EN-1092-1 TIPO 04","DIN 2673 (Antigua)","BRIDA LOCA DIN 2673 PN10"]
["LOCA","250","PN10","","395","294","22","","12","20","350","EN-1092-1 TIPO 04","DIN 2673 (Antigua)","BRIDA LOCA DIN 2673 PN10"]
["LOCA","300","PN10","","445","344","26","","12","20","400","EN-1092-1 TIPO 04","DIN 2673 (Antigua)","BRIDA LOCA DIN 2673 PN10"]
["LOCA","350","PN10","","505","376","28","","16","20","460","EN-1092-1 TIPO 04","DIN 2673 (Antigua)","BRIDA LOCA DIN 2673 PN10"]
["LOCA","400","PN10","","565","430","32","","16","24","515","EN-1092-1 TIPO 04","DIN 2673 (Antigua)","BRIDA LOCA DIN 2673 PN10"]
["LOCA","500","PN10","","670","533","38","","20","24","620","EN-1092-1 TIPO 04","DIN 2673 (Antigua)","BRIDA LOCA DIN 2673 PN10"]
["LOCA","600","PN10","","780","633","44","","20","27","725","EN-1092-1 TIPO 04","DIN 2673 (Antigua)","BRIDA LOCA DIN 2673 PN10"]
["LOCA","700","PN10","","895","740","50","","24","27","840","EN-1092-1 TIPO 04","DIN 2673 (Antigua)","BRIDA LOCA DIN 2673 PN10"]
["LOCA","800","PN10","","1015","843","56","","24","30","950","EN-1092-1 TIPO 04","DIN 2673 (Antigua)","BRIDA LOCA DIN 2673 PN10"]
["LOCA","900","PN10","","1115","947","62","","28","30","1050","EN-1092-1 TIPO 04","DIN 2673 (Antigua)","BRIDA LOCA DIN 2673 PN10"]
["LOCA","1000","PN10","","1230","1050","68","","28","33","1160","EN-1092-1 TIPO 04","DIN 2673 (Antigua)","BRIDA LOCA DIN 2673 PN10"]
["LOCA POLIETILENO","15","","","95","20","","","4","14","65","","DIN 16963","BRIDA LOCA POLIETILENO DIN 16963"]
["LOCA POLIETILENO","20","","","105","25","","","4","14","75","","DIN 16963","BRIDA LOCA POLIETILENO DIN 16963"]
["LOCA POLIETILENO","25","","","115","32","","","4","14","85","","DIN 16963","BRIDA LOCA POLIETILENO DIN 16963"]
["LOCA POLIETILENO","32","","","140","40","","","4","18","100","","DIN 16963","BRIDA LOCA POLIETILENO DIN 16963"]
["LOCA POLIETILENO","40","","","150","50","","","4","18","110","","DIN 16963","BRIDA LOCA POLIETILENO DIN 16963"]
["LOCA POLIETILENO","50","","","165","63","","","4","18","125","","DIN 16963","BRIDA LOCA POLIETILENO DIN 16963"]
["LOCA POLIETILENO","65","","","185","75","","","4","18","145","","DIN 16963","BRIDA LOCA POLIETILENO DIN 16963"]
["LOCA POLIETILENO","80","","","200","90","","","8","18","160","","DIN 16963","BRIDA LOCA POLIETILENO DIN 16963"]
["LOCA POLIETILENO","100","","","220","110","","","8","18","180","","DIN 16963","BRIDA LOCA POLIETILENO DIN 16963"]
["LOCA POLIETILENO","100","","","220","125","","","8","18","180","","DIN 16963","BRIDA LOCA POLIETILENO DIN 16963"]
["LOCA POLIETILENO","125","","","250","140","","","8","18","210","","DIN 16963","BRIDA LOCA POLIETILENO DIN 16963"]
["LOCA POLIETILENO","150","","","285","160","","","8","22","240","","DIN 16963","BRIDA LOCA POLIETILENO DIN 16963"]
["LOCA POLIETILENO","150","","","285","180","","","8","22","240","","DIN 16963","BRIDA LOCA POLIETILENO DIN 16963"]
["LOCA POLIETILENO","200","","","340","200","","","8","22","295","","DIN 16963","BRIDA LOCA POLIETILENO DIN 16963"]
["LOCA POLIETILENO","200","","","340","225","","","8","22","295","","DIN 16963","BRIDA LOCA POLIETILENO DIN 16963"]
["LOCA POLIETILENO","250","","","395","250","","","12","22","350","","DIN 16963","BRIDA LOCA POLIETILENO DIN 16963"]
["LOCA POLIETILENO","250","","","395","280","","","12","22","350","","DIN 16963","BRIDA LOCA POLIETILENO DIN 16963"]
["LOCA POLIETILENO","300","","","445","315","","","12","22","400","","DIN 16963","BRIDA LOCA POLIETILENO DIN 16963"]
["LOCA POLIETILENO","350","","","505","355","","","16","22","460","","DIN 16963","BRIDA LOCA POLIETILENO DIN 16963"]
["LOCA POLIETILENO","400","","","565","400","","","16","26","515","","DIN 16963","BRIDA LOCA POLIETILENO DIN 16963"]
["LOCA POLIETILENO","500","","","670","450","","","20","26","620","","DIN 16963","BRIDA LOCA POLIETILENO DIN 16963"]
["LOCA POLIETILENO","500","","","670","500","","","20","26","620","","DIN 16963","BRIDA LOCA POLIETILENO DIN 16963"]
["LOCA POLIETILENO","600","","","780","560","","","20","30","725","","DIN 16963","BRIDA LOCA POLIETILENO DIN 16963"]
["LOCA POLIETILENO","600","","","780","630","","","24","30","725","","DIN 16963","BRIDA LOCA POLIETILENO DIN 16963"]
["LOCA POLIETILENO","700","","","895","710","","","24","30","840","","DIN 16963","BRIDA LOCA POLIETILENO DIN 16963"]
["LOCA POLIETILENO","800","","","1015","800","","","24","33","950","","DIN 16963","BRIDA LOCA POLIETILENO DIN 16963"]
["LOCA POLIETILENO","900","","","1115","900","","","28","33","1050","","DIN 16963","BRIDA LOCA POLIETILENO DIN 16963"]
["LOCA POLIETILENO","1000","","","1230","1000","","","28","36","1160","","DIN 16963","BRIDA LOCA POLIETILENO DIN 16963"]
["LOCA POLIETILENO","1200","","","1455","1200","","","32","39","1380","","DIN 16963","BRIDA LOCA POLIETILENO DIN 16963"]
["LOCA ALUMINIO","15","PN10","","95","20","12","","4","12","65","","DIN 16963","BRIDA LOCA ALUMINIOUMINIO DIN 16963 PN10"]
["LOCA ALUMINIO","20","PN10","","105","25","12","","4","12","75","","DIN 16963","BRIDA LOCA ALUMINIOUMINIO DIN 16963 PN10"]
["LOCA ALUMINIO","25","PN10","","115","32","12","","4","12","85","","DIN 16963","BRIDA LOCA ALUMINIOUMINIO DIN 16963 PN10"]
["LOCA ALUMINIO","32","PN10","","140","40","16","","4","16","100","","DIN 16963","BRIDA LOCA ALUMINIOUMINIO DIN 16963 PN10"]
["LOCA ALUMINIO","40","PN10","","150","50","16","","4","16","110","","DIN 16963","BRIDA LOCA ALUMINIOUMINIO DIN 16963 PN10"]
["LOCA ALUMINIO","50","PN10","","165","63","16","","4","16","125","","DIN 16963","BRIDA LOCA ALUMINIOUMINIO DIN 16963 PN10"]
["LOCA ALUMINIO","65","PN10","","185","75","20","","4","16","145","","DIN 16963","BRIDA LOCA ALUMINIOUMINIO DIN 16963 PN10"]
["LOCA ALUMINIO","80","PN10","","200","90","22","","8","16","160","","DIN 16963","BRIDA LOCA ALUMINIOUMINIO DIN 16963 PN10"]
["LOCA ALUMINIO","100","PN10","","220","110","22","","8","16","180","","DIN 16963","BRIDA LOCA ALUMINIOUMINIO DIN 16963 PN10"]
["LOCA ALUMINIO","125","PN10","","250","140","22","","8","16","210","","DIN 16963","BRIDA LOCA ALUMINIOUMINIO DIN 16963 PN10"]
["LOCA ALUMINIO","150","PN10","","285","160","24","","8","20","240","","DIN 16963","BRIDA LOCA ALUMINIOUMINIO DIN 16963 PN10"]
["LOCA ALUMINIO","200","PN10","","340","200","26","","8","20","295","","DIN 16963","BRIDA LOCA ALUMINIOUMINIO DIN 16963 PN10"]
["LOCA ALUMINIO","250","PN10","","395","250","28","","12","20","350","","DIN 16963","BRIDA LOCA ALUMINIOUMINIO DIN 16963 PN10"]
["LOCA ALUMINIO","300","PN10","","445","315","28","","12","20","400","","DIN 16963","BRIDA LOCA ALUMINIOUMINIO DIN 16963 PN10"]
["LOCA ALUMINIO","350","PN10","","505","355","22","","16","20","460","","DIN 16963","BRIDA LOCA ALUMINIOUMINIO DIN 16963 PN10"]
["LOCA ALUMINIO","400","PN10","","565","400","25","","16","24","515","","DIN 16963","BRIDA LOCA ALUMINIOUMINIO DIN 16963 PN10"]
["LOCA ALUMINIO","500","PN10","","670","450","28","","20","24","620","","DIN 16963","BRIDA LOCA ALUMINIOUMINIO DIN 16963 PN10"]
["LOCA ALUMINIO","600","PN10","","780","560","30","","20","27","725","","DIN 16963","BRIDA LOCA ALUMINIOUMINIO DIN 16963 PN10"]
["LOCA ALUMINIO","700","PN10","","895","710","32","","24","27","840","","DIN 16963","BRIDA LOCA ALUMINIOUMINIO DIN 16963 PN10"]
["LOCA ALUMINIO","800","PN10","","1015","800","36","","24","30","950","","DIN 16963","BRIDA LOCA ALUMINIOUMINIO DIN 16963 PN10"]
["LOCA ALUMINIO","900","PN10","","1115","900","36","","28","30","1050","","DIN 16963","BRIDA LOCA ALUMINIOUMINIO DIN 16963 PN10"]
["LOCA ALUMINIO","15","PN16","","95","20","12","","4","12","65","","DIN 16963","BRIDA LOCA ALUMINIOUMINIO DIN 16963 PN16"]
["LOCA ALUMINIO","20","PN16","","105","25","12","","4","12","75","","DIN 16963","BRIDA LOCA ALUMINIOUMINIO DIN 16963 PN16"]
["LOCA ALUMINIO","25","PN16","","115","32","12","","4","12","85","","DIN 16963","BRIDA LOCA ALUMINIOUMINIO DIN 16963 PN16"]
["LOCA ALUMINIO","32","PN16","","140","40","16","","4","16","100","","DIN 16963","BRIDA LOCA ALUMINIOUMINIO DIN 16963 PN16"]
["LOCA ALUMINIO","40","PN16","","150","50","16","","4","16","110","","DIN 16963","BRIDA LOCA ALUMINIOUMINIO DIN 16963 PN16"]
["LOCA ALUMINIO","50","PN16","","165","63","16","","4","16","125","","DIN 16963","BRIDA LOCA ALUMINIOUMINIO DIN 16963 PN16"]
["LOCA ALUMINIO","65","PN16","","185","75","20","","4","16","145","","DIN 16963","BRIDA LOCA ALUMINIOUMINIO DIN 16963 PN16"]
["LOCA ALUMINIO","80","PN16","","200","90","22","","8","16","160","","DIN 16963","BRIDA LOCA ALUMINIOUMINIO DIN 16963 PN16"]
["LOCA ALUMINIO","100","PN16","","220","110","22","","8","16","180","","DIN 16963","BRIDA LOCA ALUMINIOUMINIO DIN 16963 PN16"]
["LOCA ALUMINIO","125","PN16","","250","140","22","","8","16","210","","DIN 16963","BRIDA LOCA ALUMINIOUMINIO DIN 16963 PN16"]
["LOCA ALUMINIO","150","PN16","","285","160","24","","8","20","240","","DIN 16963","BRIDA LOCA ALUMINIOUMINIO DIN 16963 PN16"]
["LOCA ALUMINIO","200","PN16","","340","200","26","","8","20","295","","DIN 16963","BRIDA LOCA ALUMINIOUMINIO DIN 16963 PN16"]
["LOCA ALUMINIO","250","PN16","","395","250","28","","12","20","350","","DIN 16963","BRIDA LOCA ALUMINIOUMINIO DIN 16963 PN16"]
["LOCA ALUMINIO","300","PN16","","445","315","28","","12","20","400","","DIN 16963","BRIDA LOCA ALUMINIOUMINIO DIN 16963 PN16"]
["LOCA ALUMINIO","350","PN16","","505","355","22","","16","20","460","","DIN 16963","BRIDA LOCA ALUMINIOUMINIO DIN 16963 PN16"]
["LOCA ALUMINIO","400","PN16","","565","400","25","","16","24","515","","DIN 16963","BRIDA LOCA ALUMINIOUMINIO DIN 16963 PN16"]
["LOCA ALUMINIO","500","PN16","","670","450","28","","20","24","620","","DIN 16963","BRIDA LOCA ALUMINIOUMINIO DIN 16963 PN16"]
["LOCA ALUMINIO","600","PN16","","780","560","30","","20","27","725","","DIN 16963","BRIDA LOCA ALUMINIOUMINIO DIN 16963 PN16"]
["LOCA ALUMINIO","700","PN16","","895","710","32","","24","27","840","","DIN 16963","BRIDA LOCA ALUMINIOUMINIO DIN 16963 PN16"]
["LOCA ALUMINIO","800","PN16","","1015","800","36","","24","30","950","","DIN 16963","BRIDA LOCA ALUMINIOUMINIO DIN 16963 PN16"]
["LOCA ALUMINIO","900","PN16","","1115","900","36","","28","30","1050","","DIN 16963","BRIDA LOCA ALUMINIOUMINIO DIN 16963 PN16"]
["DE CUELLO","15","CLASE 150","","90","21.3","9.6","","4","15.875","60.3","","ANSI/ASME B16.5","BRIDA CUELLO/ASME B16.5 CLASE 150 DN15"]
["DE CUELLO","20","CLASE 150","","100","26.7","11.2","","4","15.875","69.9","","ANSI/ASME B16.5","BRIDA CUELLO/ASME B16.5 CLASE 150 DN20"]
["DE CUELLO","25","CLASE 150","","110","33.4","12.7","","4","15.875","79.4","","ANSI/ASME B16.5","BRIDA CUELLO/ASME B16.5 CLASE 150 DN25"]
["DE CUELLO","32","CLASE 150","","115","42.2","14.3","","4","15.875","88.9","","ANSI/ASME B16.5","BRIDA CUELLO/ASME B16.5 CLASE 150 DN32"]
["DE CUELLO","40","CLASE 150","","125","48.3","15.9","","4","15.875","98.4","","ANSI/ASME B16.5","BRIDA CUELLO/ASME B16.5 CLASE 150 DN40"]
["DE CUELLO","50","CLASE 150","","150","60.3","17.5","","4","19.05","120.7","","ANSI/ASME B16.5","BRIDA CUELLO/ASME B16.5 CLASE 150 DN50"]
["DE CUELLO","65","CLASE 150","","180","73","20.7","","4","19.05","139.7","","ANSI/ASME B16.5","BRIDA CUELLO/ASME B16.5 CLASE 150 DN65"]
["DE CUELLO","80","CLASE 150","","190","88.9","22.3","","4","19.05","152.4","","ANSI/ASME B16.5","BRIDA CUELLO/ASME B16.5 CLASE 150 DN80"]
["DE CUELLO","90","CLASE 150","","215","101.6","22.3","","8","19.05","177.8","","ANSI/ASME B16.5","BRIDA CUELLO/ASME B16.5 CLASE 150 DN90"]
["DE CUELLO","100","CLASE 150","","230","114.3","22.3","","8","19.05","190.5","","ANSI/ASME B16.5","BRIDA CUELLO/ASME B16.5 CLASE 150 DN100"]
["DE CUELLO","125","CLASE 150","","255","141.3","22.3","","8","22.225","215.9","","ANSI/ASME B16.5","BRIDA CUELLO/ASME B16.5 CLASE 150 DN125"]
["DE CUELLO","150","CLASE 150","","280","168.3","23.9","","8","22.225","241.3","","ANSI/ASME B16.5","BRIDA CUELLO/ASME B16.5 CLASE 150 DN150"]
["DE CUELLO","200","CLASE 150","","345","219.1","27","","8","22.225","298.5","","ANSI/ASME B16.5","BRIDA CUELLO/ASME B16.5 CLASE 150 DN200"]
["DE CUELLO","250","CLASE 150","","405","273","28.6","","12","25.4","362","","ANSI/ASME B16.5","BRIDA CUELLO/ASME B16.5 CLASE 150 DN250"]
["DE CUELLO","300","CLASE 150","","485","323.8","30.2","","12","25.4","431.8","","ANSI/ASME B16.5","BRIDA CUELLO/ASME B16.5 CLASE 150 DN300"]
["DE CUELLO","350","CLASE 150","","535","355.6","33.4","","12","28.575","476.3","","ANSI/ASME B16.5","BRIDA CUELLO/ASME B16.5 CLASE 150 DN350"]
["DE CUELLO","400","CLASE 150","","595","406.4","35","","16","28.575","539.8","","ANSI/ASME B16.5","BRIDA CUELLO/ASME B16.5 CLASE 150 DN400"]
["DE CUELLO","450","CLASE 150","","635","457","38.1","","16","31.75","577.9","","ANSI/ASME B16.5","BRIDA CUELLO/ASME B16.5 CLASE 150 DN450"]
["DE CUELLO","500","CLASE 150","","700","508","41.3","","20","31.75","635","","ANSI/ASME B16.5","BRIDA CUELLO/ASME B16.5 CLASE 150 DN500"]
["DE CUELLO","600","CLASE 150","","815","610","46.1","","20","34.925","749.3","","ANSI/ASME B16.5","BRIDA CUELLO/ASME B16.5 CLASE 150 DN600"]
["DE CUELLO","15","CLASE 300","","95","21.3","12.7","","4","15.875","66.7","","ANSI/ASME B16.5","BRIDA CUELLO/ASME B16.5 CLASE 300 DN15"]
["DE CUELLO","20","CLASE 300","","115","26.7","14.3","","4","19.05","82.6","","ANSI/ASME B16.5","BRIDA CUELLO/ASME B16.5 CLASE 300 DN20"]
["DE CUELLO","25","CLASE 300","","125","33.4","15.9","","4","19.05","88.9","","ANSI/ASME B16.5","BRIDA CUELLO/ASME B16.5 CLASE 300 DN25"]
["DE CUELLO","32","CLASE 300","","135","42.2","17.5","","4","19.05","98.4","","ANSI/ASME B16.5","BRIDA CUELLO/ASME B16.5 CLASE 300 DN32"]
["DE CUELLO","40","CLASE 300","","155","48.3","19.1","","4","22.225","114.3","","ANSI/ASME B16.5","BRIDA CUELLO/ASME B16.5 CLASE 300 DN40"]
["DE CUELLO","50","CLASE 300","","165","60.3","20.7","","8","19.05","127","","ANSI/ASME B16.5","BRIDA CUELLO/ASME B16.5 CLASE 300 DN50"]
["DE CUELLO","65","CLASE 300","","190","73","23.9","","8","22.225","149.2","","ANSI/ASME B16.5","BRIDA CUELLO/ASME B16.5 CLASE 300 DN65"]
["DE CUELLO","80","CLASE 300","","210","88.9","27","","8","22.225","168.3","","ANSI/ASME B16.5","BRIDA CUELLO/ASME B16.5 CLASE 300 DN80"]
["DE CUELLO","90","CLASE 300","","230","101.6","28.6","","8","22.225","184.2","","ANSI/ASME B16.5","BRIDA CUELLO/ASME B16.5 CLASE 300 DN90"]
["DE CUELLO","100","CLASE 300","","255","114.3","30.2","","8","22.225","200","","ANSI/ASME B16.5","BRIDA CUELLO/ASME B16.5 CLASE 300 DN100"]
["DE CUELLO","125","CLASE 300","","280","141.3","33.4","","8","22.225","235","","ANSI/ASME B16.5","BRIDA CUELLO/ASME B16.5 CLASE 300 DN125"]
["DE CUELLO","150","CLASE 300","","320","168.3","35","","12","22.225","269.9","","ANSI/ASME B16.5","BRIDA CUELLO/ASME B16.5 CLASE 300 DN150"]
["DE CUELLO","200","CLASE 300","","380","219.1","39.7","","12","25.4","330.2","","ANSI/ASME B16.5","BRIDA CUELLO/ASME B16.5 CLASE 300 DN200"]
["DE CUELLO","250","CLASE 300","","445","273","46.1","","16","28.575","387.4","","ANSI/ASME B16.5","BRIDA CUELLO/ASME B16.5 CLASE 300 DN250"]
["DE CUELLO","300","CLASE 300","","520","323.8","49.3","","16","31.75","450.8","","ANSI/ASME B16.5","BRIDA CUELLO/ASME B16.5 CLASE 300 DN300"]
["DE CUELLO","350","CLASE 300","","585","355.6","52.4","","20","31.75","514.4","","ANSI/ASME B16.5","BRIDA CUELLO/ASME B16.5 CLASE 300 DN350"]
["DE CUELLO","400","CLASE 300","","650","406.4","55.6","","20","34.925","571.5","","ANSI/ASME B16.5","BRIDA CUELLO/ASME B16.5 CLASE 300 DN400"]
["DE CUELLO","450","CLASE 300","","710","457","58.8","","24","34.925","628.6","","ANSI/ASME B16.5","BRIDA CUELLO/ASME B16.5 CLASE 300 DN450"]
["DE CUELLO","500","CLASE 300","","775","508","62","","24","34.925","685.8","","ANSI/ASME B16.5","BRIDA CUELLO/ASME B16.5 CLASE 300 DN500"]
["DE CUELLO","600","CLASE 300","","915","610","68.3","","24","41.275","812.8","","ANSI/ASME B16.5","BRIDA CUELLO/ASME B16.5 CLASE 300 DN600"]
["DE CUELLO","15","CLASE 600","","95","21.3","14.3","","4","15.875","66.7","","ANSI/ASME B16.5","BRIDA CUELLO/ASME B16.5 CLASE 600 DN15"]
["DE CUELLO","20","CLASE 600","","115","26.7","15.9","","4","19.05","82.6","","ANSI/ASME B16.5","BRIDA CUELLO/ASME B16.5 CLASE 600 DN20"]
["DE CUELLO","25","CLASE 600","","125","33.4","17.5","","4","19.05","88.9","","ANSI/ASME B16.5","BRIDA CUELLO/ASME B16.5 CLASE 600 DN25"]
["DE CUELLO","32","CLASE 600","","135","42.2","20.7","","4","19.05","98.4","","ANSI/ASME B16.5","BRIDA CUELLO/ASME B16.5 CLASE 600 DN32"]
["DE CUELLO","40","CLASE 600","","155","48.3","22.3","","4","22.225","114.3","","ANSI/ASME B16.5","BRIDA CUELLO/ASME B16.5 CLASE 600 DN40"]
["DE CUELLO","50","CLASE 600","","165","60.3","25.4","","8","19.05","127","","ANSI/ASME B16.5","BRIDA CUELLO/ASME B16.5 CLASE 600 DN50"]
["DE CUELLO","65","CLASE 600","","190","73","28.6","","8","22.225","149.2","","ANSI/ASME B16.5","BRIDA CUELLO/ASME B16.5 CLASE 600 DN65"]
["DE CUELLO","80","CLASE 600","","210","88.9","31.8","","8","22.225","168.3","","ANSI/ASME B16.5","BRIDA CUELLO/ASME B16.5 CLASE 600 DN80"]
["DE CUELLO","90","CLASE 600","","230","101.6","35","","8","25.4","184.2","","ANSI/ASME B16.5","BRIDA CUELLO/ASME B16.5 CLASE 600 DN90"]
["DE CUELLO","100","CLASE 600","","275","114.3","38.1","","8","25.4","215.9","","ANSI/ASME B16.5","BRIDA CUELLO/ASME B16.5 CLASE 600 DN100"]
["DE CUELLO","125","CLASE 600","","330","141.3","44.5","","8","28.575","266.7","","ANSI/ASME B16.5","BRIDA CUELLO/ASME B16.5 CLASE 600 DN125"]
["DE CUELLO","150","CLASE 600","","355","168.3","47.7","","12","28.575","292.1","","ANSI/ASME B16.5","BRIDA CUELLO/ASME B16.5 CLASE 600 DN150"]
["DE CUELLO","200","CLASE 600","","420","219.1","55.6","","12","31.75","349.2","","ANSI/ASME B16.5","BRIDA CUELLO/ASME B16.5 CLASE 600 DN200"]
["DE CUELLO","250","CLASE 600","","510","273","63.5","","16","34.925","431.8","","ANSI/ASME B16.5","BRIDA CUELLO/ASME B16.5 CLASE 600 DN250"]
["DE CUELLO","300","CLASE 600","","560","323.8","66.7","","20","34.925","489","","ANSI/ASME B16.5","BRIDA CUELLO/ASME B16.5 CLASE 600 DN300"]
["DE CUELLO","350","CLASE 600","","605","355.6","69.9","","20","38.1","527","","ANSI/ASME B16.5","BRIDA CUELLO/ASME B16.5 CLASE 600 DN350"]
["DE CUELLO","400","CLASE 600","","685","406.4","76.2","","20","41.275","603.2","","ANSI/ASME B16.5","BRIDA CUELLO/ASME B16.5 CLASE 600 DN400"]
["DE CUELLO","450","CLASE 600","","745","457","82.6","","20","44.45","654","","ANSI/ASME B16.5","BRIDA CUELLO/ASME B16.5 CLASE 600 DN450"]
["DE CUELLO","500","CLASE 600","","815","508","88.9","","24","44.45","723.9","","ANSI/ASME B16.5","BRIDA CUELLO/ASME B16.5 CLASE 600 DN500"]
["DE CUELLO","600","CLASE 600","","940","610","101.6","","24","50.8","838.2","","ANSI/ASME B16.5","BRIDA CUELLO/ASME B16.5 CLASE 600 DN600"]
["DE CUELLO","80","CLASE 900","","240","88.9","38.1","","8","25.4","190.5","","ANSI/ASME B16.5","BRIDA CUELLO/ASME B16.5 CLASE 900 DN80"]
["DE CUELLO","100","CLASE 900","","290","114.3","44.5","","8","31.75","235","","ANSI/ASME B16.5","BRIDA CUELLO/ASME B16.5 CLASE 900 DN100"]
["DE CUELLO","125","CLASE 900","","350","141.3","50.8","","8","34.925","279.4","","ANSI/ASME B16.5","BRIDA CUELLO/ASME B16.5 CLASE 900 DN125"]
["DE CUELLO","150","CLASE 900","","380","168.3","55.6","","12","31.75","317.5","","ANSI/ASME B16.5","BRIDA CUELLO/ASME B16.5 CLASE 900 DN150"]
["DE CUELLO","200","CLASE 900","","470","219.1","63.5","","12","38.1","393.7","","ANSI/ASME B16.5","BRIDA CUELLO/ASME B16.5 CLASE 900 DN200"]
["DE CUELLO","250","CLASE 900","","545","273","69.9","","16","38.1","469.9","","ANSI/ASME B16.5","BRIDA CUELLO/ASME B16.5 CLASE 900 DN250"]
["DE CUELLO","300","CLASE 900","","610","323.8","79.4","","20","38.1","533.4","","ANSI/ASME B16.5","BRIDA CUELLO/ASME B16.5 CLASE 900 DN300"]
["DE CUELLO","350","CLASE 900","","640","355.6","85.8","","20","41.275","558.8","","ANSI/ASME B16.5","BRIDA CUELLO/ASME B16.5 CLASE 900 DN350"]
["DE CUELLO","400","CLASE 900","","705","406.4","88.9","","20","44.45","616","","ANSI/ASME B16.5","BRIDA CUELLO/ASME B16.5 CLASE 900 DN400"]
["DE CUELLO","450","CLASE 900","","785","457","101.6","","20","50.8","685.8","","ANSI/ASME B16.5","BRIDA CUELLO/ASME B16.5 CLASE 900 DN450"]
["DE CUELLO","500","CLASE 900","","855","508","108","","20","53.975","749.3","","ANSI/ASME B16.5","BRIDA CUELLO/ASME B16.5 CLASE 900 DN500"]
["DE CUELLO","600","CLASE 900","","1040","610","139.7","","20","66.675","901.7","","ANSI/ASME B16.5","BRIDA CUELLO/ASME B16.5 CLASE 900 DN600"]
["DE CUELLO","15","CLASE 1500","","120","21.3","22.3","","4","22.225","82.6","","ANSI/ASME B16.5","BRIDA CUELLO/ASME B16.5 CLASE 1500 DN15"]
["DE CUELLO","20","CLASE 1500","","130","26.7","25.4","","4","22.225","88.9","","ANSI/ASME B16.5","BRIDA CUELLO/ASME B16.5 CLASE 1500 DN20"]
["DE CUELLO","25","CLASE 1500","","150","33.4","28.6","","4","25.4","101.6","","ANSI/ASME B16.5","BRIDA CUELLO/ASME B16.5 CLASE 1500 DN25"]
["DE CUELLO","32","CLASE 1500","","160","42.2","28.6","","4","25.4","111.1","","ANSI/ASME B16.5","BRIDA CUELLO/ASME B16.5 CLASE 1500 DN32"]
["DE CUELLO","40","CLASE 1500","","180","48.3","31.8","","4","28.575","123.8","","ANSI/ASME B16.5","BRIDA CUELLO/ASME B16.5 CLASE 1500 DN40"]
["DE CUELLO","50","CLASE 1500","","215","60.3","38.1","","8","25.4","165.1","","ANSI/ASME B16.5","BRIDA CUELLO/ASME B16.5 CLASE 1500 DN50"]
["DE CUELLO","65","CLASE 1500","","245","73","41.3","","8","28.575","190.5","","ANSI/ASME B16.5","BRIDA CUELLO/ASME B16.5 CLASE 1500 DN65"]
["DE CUELLO","80","CLASE 1500","","265","88.9","47.7","","8","31.75","203.2","","ANSI/ASME B16.5","BRIDA CUELLO/ASME B16.5 CLASE 1500 DN80"]
["DE CUELLO","100","CLASE 1500","","310","114.3","54","","8","34.925","241.3","","ANSI/ASME B16.5","BRIDA CUELLO/ASME B16.5 CLASE 1500 DN100"]
["DE CUELLO","125","CLASE 1500","","375","141.3","73.1","","8","41.275","292.1","","ANSI/ASME B16.5","BRIDA CUELLO/ASME B16.5 CLASE 1500 DN125"]
["DE CUELLO","150","CLASE 1500","","395","168.3","82.6","","12","38.1","317.5","","ANSI/ASME B16.5","BRIDA CUELLO/ASME B16.5 CLASE 1500 DN150"]
["DE CUELLO","200","CLASE 1500","","485","219.1","92.1","","12","44.45","393.7","","ANSI/ASME B16.5","BRIDA CUELLO/ASME B16.5 CLASE 1500 DN200"]
["DE CUELLO","250","CLASE 1500","","585","273","108","","12","50.8","482.6","","ANSI/ASME B16.5","BRIDA CUELLO/ASME B16.5 CLASE 1500 DN250"]
["DE CUELLO","300","CLASE 1500","","675","323.8","123.9","","16","53.975","571.5","","ANSI/ASME B16.5","BRIDA CUELLO/ASME B16.5 CLASE 1500 DN300"]
["DE CUELLO","350","CLASE 1500","","750","355.6","133.4","","16","60.325","635","","ANSI/ASME B16.5","BRIDA CUELLO/ASME B16.5 CLASE 1500 DN350"]
["DE CUELLO","400","CLASE 1500","","825","406.4","146.1","","16","66.675","704.8","","ANSI/ASME B16.5","BRIDA CUELLO/ASME B16.5 CLASE 1500 DN400"]
["DE CUELLO","450","CLASE 1500","","915","457","162","","16","73.025","774.7","","ANSI/ASME B16.5","BRIDA CUELLO/ASME B16.5 CLASE 1500 DN450"]
["DE CUELLO","500","CLASE 1500","","985","508","177.8","","16","79.375","831.8","","ANSI/ASME B16.5","BRIDA CUELLO/ASME B16.5 CLASE 1500 DN500"]
["DE CUELLO","600","CLASE 1500","","1170","610","203.2","","16","92.075","990.6","","ANSI/ASME B16.5","BRIDA CUELLO/ASME B16.5 CLASE 1500 DN600"]
["DE CUELLO","15","CLASE 2500","","135","21.3","30.2","","4","22.225","88.9","","ANSI/ASME B16.5","BRIDA CUELLO/ASME B16.5 CLASE 2500 DN15"]
["DE CUELLO","20","CLASE 2500","","140","26.7","31.8","","4","22.225","95.2","","ANSI/ASME B16.5","BRIDA CUELLO/ASME B16.5 CLASE 2500 DN20"]
["DE CUELLO","25","CLASE 2500","","160","33.4","35","","4","25.4","108","","ANSI/ASME B16.5","BRIDA CUELLO/ASME B16.5 CLASE 2500 DN25"]
["DE CUELLO","32","CLASE 2500","","185","42.2","38.1","","4","28.575","130.2","","ANSI/ASME B16.5","BRIDA CUELLO/ASME B16.5 CLASE 2500 DN32"]
["DE CUELLO","40","CLASE 2500","","205","48.3","44.5","","4","31.75","146","","ANSI/ASME B16.5","BRIDA CUELLO/ASME B16.5 CLASE 2500 DN40"]
["DE CUELLO","50","CLASE 2500","","235","60.3","50.9","","8","28.575","171.4","","ANSI/ASME B16.5","BRIDA CUELLO/ASME B16.5 CLASE 2500 DN50"]
["DE CUELLO","65","CLASE 2500","","265","73","57.2","","8","31.75","196.8","","ANSI/ASME B16.5","BRIDA CUELLO/ASME B16.5 CLASE 2500 DN65"]
["DE CUELLO","80","CLASE 2500","","305","88.9","66.7","","8","34.925","228.6","","ANSI/ASME B16.5","BRIDA CUELLO/ASME B16.5 CLASE 2500 DN80"]
["DE CUELLO","100","CLASE 2500","","355","114.3","76.2","","8","41.275","273","","ANSI/ASME B16.5","BRIDA CUELLO/ASME B16.5 CLASE 2500 DN100"]
["DE CUELLO","125","CLASE 2500","","420","141.3","92.1","","8","47.625","323.8","","ANSI/ASME B16.5","BRIDA CUELLO/ASME B16.5 CLASE 2500 DN125"]
["DE CUELLO","150","CLASE 2500","","485","168.3","108","","8","53.975","368.3","","ANSI/ASME B16.5","BRIDA CUELLO/ASME B16.5 CLASE 2500 DN150"]
["DE CUELLO","200","CLASE 2500","","550","219.1","127","","12","53.975","438.2","","ANSI/ASME B16.5","BRIDA CUELLO/ASME B16.5 CLASE 2500 DN200"]
["DE CUELLO","250","CLASE 2500","","675","273","165.1","","12","66.675","539.8","","ANSI/ASME B16.5","BRIDA CUELLO/ASME B16.5 CLASE 2500 DN250"]
["DE CUELLO","300","CLASE 2500","","760","323.8","184.2","","12","73.025","619.1","","ANSI/ASME B16.5","BRIDA CUELLO/ASME B16.5 CLASE 2500 DN300"]
["CIEGA","100","PN6","","228.6","","15.88","","8","15.9","190.5","","AWWA C207","BRIDA CIEGA C207 CLASE B PN6 DN100"]
["CIEGA","125","PN6","","254","","15.88","","8","19.1","215.9","","AWWA C207","BRIDA CIEGA C207 CLASE B PN6 DN125"]
["CIEGA","150","PN6","","279.4","","17.48","","8","19.1","241.3","","AWWA C207","BRIDA CIEGA C207 CLASE B PN6 DN150"]
["CIEGA","200","PN6","","342.9","","17.48","","8","19.1","298.5","","AWWA C207","BRIDA CIEGA C207 CLASE B PN6 DN200"]
["CIEGA","250","PN6","","406.4","","17.48","","12","22.2","362","","AWWA C207","BRIDA CIEGA C207 CLASE B PN6 DN250"]
["CIEGA","300","PN6","","482.6","","18.26","","12","22.2","431.8","","AWWA C207","BRIDA CIEGA C207 CLASE B PN6 DN300"]
["CIEGA","350","PN6","","533.4","","20.09","","12","25.4","476.3","","AWWA C207","BRIDA CIEGA C207 CLASE B PN6 DN350"]
["CIEGA","400","PN6","","596.9","","22.66","","16","25.4","539.8","","AWWA C207","BRIDA CIEGA C207 CLASE B PN6 DN400"]
["CIEGA","450","PN6","","635","","24.13","","16","28.6","577.9","","AWWA C207","BRIDA CIEGA C207 CLASE B PN6 DN450"]
["CIEGA","500","PN6","","698.5","","26.42","","20","28.6","635","","AWWA C207","BRIDA CIEGA C207 CLASE B PN6 DN500"]
["CIEGA","100","PN10","","228.6","","15.88","","8","15.9","190.5","","AWWA C207","BRIDA CIEGA C207 CLASE D PN10 DN100"]
["CIEGA","125","PN10","","254","","16.51","","8","19.1","215.9","","AWWA C207","BRIDA CIEGA C207 CLASE D PN10 DN125"]
["CIEGA","150","PN10","","279.4","","17.6","","8","19.1","241.3","","AWWA C207","BRIDA CIEGA C207 CLASE D PN10 DN150"]
["CIEGA","200","PN10","","342.9","","20.62","","8","19.1","298.5","","AWWA C207","BRIDA CIEGA C207 CLASE D PN10 DN200"]
["CIEGA","250","PN10","","406.4","","24.21","","12","22.2","362","","AWWA C207","BRIDA CIEGA C207 CLASE D PN10 DN250"]
["CIEGA","300","PN10","","482.6","","28.37","","12","22.2","431.8","","AWWA C207","BRIDA CIEGA C207 CLASE D PN10 DN300"]
["CIEGA","350","PN10","","533.4","","28.78","","12","25.4","476.3","","AWWA C207","BRIDA CIEGA C207 CLASE D PN10 DN350"]
["CIEGA","400","PN10","","596.9","","32.13","","16","25.4","539.8","","AWWA C207","BRIDA CIEGA C207 CLASE D PN10 DN400"]
["CIEGA","450","PN10","","635","","33.81","","16","28.6","577.9","","AWWA C207","BRIDA CIEGA C207 CLASE D PN10 DN450"]
["CIEGA","500","PN10","","698.5","","36.78","","20","28.6","635","","AWWA C207","BRIDA CIEGA C207 CLASE D PN10 DN500"]
["CIEGA","100","PN16","","228.6","","28.58","","8","15.9","190.5","","AWWA C207","BRIDA CIEGA C207 CLASE E PN16 DN100"]
["CIEGA","125","PN16","","254","","30.18","","8","19.1","215.9","","AWWA C207","BRIDA CIEGA C207 CLASE E PN16 DN125"]
["CIEGA","150","PN16","","279.4","","33.35","","8","19.1","241.3","","AWWA C207","BRIDA CIEGA C207 CLASE E PN16 DN150"]
["CIEGA","200","PN16","","342.9","","38.1","","8","19.1","298.5","","AWWA C207","BRIDA CIEGA C207 CLASE E PN16 DN200"]
["CIEGA","250","PN16","","406.4","","39.7","","12","22.2","362","","AWWA C207","BRIDA CIEGA C207 CLASE E PN16 DN250"]
["CIEGA","300","PN16","","482.6","","44.45","","12","22.2","431.8","","AWWA C207","BRIDA CIEGA C207 CLASE E PN16 DN300"]
["CIEGA","350","PN16","","533.4","","47.63","","12","25.4","476.3","","AWWA C207","BRIDA CIEGA C207 CLASE E PN16 DN350"]
["CIEGA","400","PN16","","596.9","","50.8","","16","25.4","539.8","","AWWA C207","BRIDA CIEGA C207 CLASE E PN16 DN400"]
["CIEGA","450","PN16","","635","","53.98","","16","28.6","577.9","","AWWA C207","BRIDA CIEGA C207 CLASE E PN16 DN450"]
["CIEGA","500","PN16","","698.5","","60.33","","20","28.6","635","","AWWA C207","BRIDA CIEGA C207 CLASE E PN16 DN500"]
["CIEGA","100","PN20","","254","","28.7","","8","19.1","200.2","","AWWA C207","BRIDA CIEGA C207 CLASE F PN20 DN100"]
["CIEGA","125","PN20","","279.4","","30.7","","8","19.1","235","","AWWA C207","BRIDA CIEGA C207 CLASE F PN20 DN125"]
["CIEGA","150","PN20","","317.5","","33.3","","12","19.1","270","","AWWA C207","BRIDA CIEGA C207 CLASE F PN20 DN150"]
["CIEGA","200","PN20","","381","","33.3","","12","22.2","330.2","","AWWA C207","BRIDA CIEGA C207 CLASE F PN20 DN200"]
["CIEGA","250","PN20","","444.5","","38.1","","16","25.4","387.4","","AWWA C207","BRIDA CIEGA C207 CLASE F PN20 DN250"]
["CIEGA","300","PN20","","520.7","","41.3","","16","28.6","450.9","","AWWA C207","BRIDA CIEGA C207 CLASE F PN20 DN300"]
["CIEGA","350","PN20","","584.2","","49.2","","20","28.6","514.4","","AWWA C207","BRIDA CIEGA C207 CLASE F PN20 DN350"]
["CIEGA","400","PN20","","647.7","","54.4","","20","31.8","571.5","","AWWA C207","BRIDA CIEGA C207 CLASE F PN20 DN400"]
["CIEGA","450","PN20","","711.2","","57.2","","24","31.8","628.7","","AWWA C207","BRIDA CIEGA C207 CLASE F PN20 DN450"]
["CIEGA","500","PN20","","774.7","","59.2","","24","31.8","685.8","","AWWA C207","BRIDA CIEGA C207 CLASE F PN20 DN500"]
["HUB","100","PN10","","228.6","116.1","12.7","","8","15.9","190.5","","AWWA C207","BRIDA HUB C207 CLASE D PN10 DN100"]
["HUB","125","PN10","","254","143.8","14.3","","8","19.1","215.9","","AWWA C207","BRIDA HUB C207 CLASE D PN10 DN125"]
["HUB","150","PN10","","279.4","170.7","14.3","","8","19.1","241.3","","AWWA C207","BRIDA HUB C207 CLASE D PN10 DN150"]
["HUB","200","PN10","","342.9","221.5","14.3","","8","19.1","298.5","","AWWA C207","BRIDA HUB C207 CLASE D PN10 DN200"]
["HUB","250","PN10","","406.4","276.4","17.5","","12","22.2","362","","AWWA C207","BRIDA HUB C207 CLASE D PN10 DN250"]
["HUB","300","PN10","","482.6","327.2","17.5","","12","22.2","431.8","","AWWA C207","BRIDA HUB C207 CLASE D PN10 DN300"]
["HUB","350","PN10","","533.4","360.4","19.1","","12","25.4","476.3","","AWWA C207","BRIDA HUB C207 CLASE D PN10 DN350"]
["HUB","400","PN10","","596.9","411.2","19.1","","16","25.4","539.8","","AWWA C207","BRIDA HUB C207 CLASE D PN10 DN400"]
["HUB","450","PN10","","635","462","19.1","","16","28.6","577.9","","AWWA C207","BRIDA HUB C207 CLASE D PN10 DN450"]
["HUB","500","PN10","","698.5","512.8","19.1","","20","28.6","635","","AWWA C207","BRIDA HUB C207 CLASE D PN10 DN500"]
["HUB","100","PN16","","228.6","116.1","23.8","","8","15.9","190.5","","AWWA C207","BRIDA HUB C207 CLASE E PN16 DN100"]
["HUB","125","PN16","","254","143.8","23.8","","8","19.1","215.9","","AWWA C207","BRIDA HUB C207 CLASE E PN16 DN125"]
["HUB","150","PN16","","279.4","170.7","25.4","","8","19.1","241.3","","AWWA C207","BRIDA HUB C207 CLASE E PN16 DN150"]
["HUB","200","PN16","","342.9","221.5","28.6","","8","19.1","298.5","","AWWA C207","BRIDA HUB C207 CLASE E PN16 DN200"]
["HUB","250","PN16","","406.4","276.4","30.2","","12","22.2","362","","AWWA C207","BRIDA HUB C207 CLASE E PN16 DN250"]
["HUB","300","PN16","","482.6","327.2","38.1","","12","22.2","431.8","","AWWA C207","BRIDA HUB C207 CLASE E PN16 DN300"]
["HUB","350","PN16","","533.4","360.4","34.9","","12","25.4","476.3","","AWWA C207","BRIDA HUB C207 CLASE E PN16 DN350"]
["HUB","400","PN16","","596.9","411.2","36.5","","16","25.4","539.8","","AWWA C207","BRIDA HUB C207 CLASE E PN16 DN400"]
["HUB","450","PN16","","635","462","39.7","","16","28.6","577.9","","AWWA C207","BRIDA HUB C207 CLASE E PN16 DN450"]
["HUB","500","PN16","","698.5","512.8","42.9","","20","28.6","635","","AWWA C207","BRIDA HUB C207 CLASE E PN16 DN500"]
["SLIP-ON","650","CLASE 150","","870","666.8","50.8","","24","35","806.5","ANSI/ASME B16.5 CLASE 150","BS-3293","BRIDA SLIP-ON-3293 CLASE 150 DN650"]
["SLIP-ON","700","CLASE 150","","927.1","717.6","52.4","","28","35","863.6","ANSI/ASME B16.5 CLASE 150","BS-3293","BRIDA SLIP-ON-3293 CLASE 150 DN700"]
["SLIP-ON","750","CLASE 150","","984.3","768.4","54","","28","35","914.4","ANSI/ASME B16.5 CLASE 150","BS-3293","BRIDA SLIP-ON-3293 CLASE 150 DN750"]
["SLIP-ON","800","CLASE 150","","1060.5","819.2","57.2","","28","41.3","977.9","ANSI/ASME B16.5 CLASE 150","BS-3293","BRIDA SLIP-ON-3293 CLASE 150 DN800"]
["SLIP-ON","850","CLASE 150","","1111.3","870","58.8","","32","41.3","1028.7","ANSI/ASME B16.5 CLASE 150","BS-3293","BRIDA SLIP-ON-3293 CLASE 150 DN850"]
["SLIP-ON","900","CLASE 150","","1168.4","920.8","60.4","","32","41.3","1085.9","ANSI/ASME B16.5 CLASE 150","BS-3293","BRIDA SLIP-ON-3293 CLASE 150 DN900"]
["SLIP-ON","950","CLASE 150","","1238.3","971.6","60.4","","32","41.3","1149.4","ANSI/ASME B16.5 CLASE 150","BS-3293","BRIDA SLIP-ON-3293 CLASE 150 DN950"]
["SLIP-ON","1000","CLASE 150","","1289.1","1022.4","63.5","","36","41.3","1200.2","ANSI/ASME B16.5 CLASE 150","BS-3293","BRIDA SLIP-ON-3293 CLASE 150 DN1000"]
["SLIP-ON","1050","CLASE 150","","1346.2","1073.2","66.7","","36","41.3","1257.3","ANSI/ASME B16.5 CLASE 150","BS-3293","BRIDA SLIP-ON-3293 CLASE 150 DN1050"]
["SLIP-ON","1100","CLASE 150","","1403.4","1124","68.3","","40","41.3","1314.5","ANSI/ASME B16.5 CLASE 150","BS-3293","BRIDA SLIP-ON-3293 CLASE 150 DN1100"]
["SLIP-ON","1150","CLASE 150","","1454.2","1174.8","68.3","","40","41.3","1365.3","ANSI/ASME B16.5 CLASE 150","BS-3293","BRIDA SLIP-ON-3293 CLASE 150 DN1150"]
["SLIP-ON","1200","CLASE 150","","1511.3","1225.6","69.9","","44","41.3","1422.4","ANSI/ASME B16.5 CLASE 150","BS-3293","BRIDA SLIP-ON-3293 CLASE 150 DN1200"]
["DE CUELLO","150","PN16","","279","159","27","","8","22.2","241.3","","EEMUA 145","BRIDA EEMUA 145 COMPOSITE WELDING NECK PN16 DN150"]
["DE CUELLO","200","PN16","","343","219.1","31","","8","22.2","298.4","","EEMUA 145","BRIDA EEMUA 145 COMPOSITE WELDING NECK PN16 DN200"]
["DE CUELLO","250","PN16","","406","267","38","","12","25.4","362","","EEMUA 145","BRIDA EEMUA 145 COMPOSITE WELDING NECK PN16 DN250"]
["DE CUELLO","300","PN16","","483","323.9","41","","12","25.4","431.8","","EEMUA 145","BRIDA EEMUA 145 COMPOSITE WELDING NECK PN16 DN300"]
["DE CUELLO","350","PN16","","533","368","45","","12","28.6","476.2","","EEMUA 145","BRIDA EEMUA 145 COMPOSITE WELDING NECK PN16 DN350"]
["DE CUELLO","400","PN16","","597","419","51","","16","28.6","539.8","","EEMUA 145","BRIDA EEMUA 145 COMPOSITE WELDING NECK PN16 DN400"]
["DE CUELLO","450","PN16","","635","457.2","52","","16","31.8","577.8","","EEMUA 145","BRIDA EEMUA 145 COMPOSITE WELDING NECK PN16 DN450"]
["DE CUELLO","500","PN16","","698","508","58","","20","31.8","635","","EEMUA 145","BRIDA EEMUA 145 COMPOSITE WELDING NECK PN16 DN500"]
["DE CUELLO","600","PN16","","813","610","71","","20","34.9","749.3","","EEMUA 145","BRIDA EEMUA 145 COMPOSITE WELDING NECK PN16 DN600"]
["DE CUELLO","700","PN16","","927","711","81","","28","34.9","864","","EEMUA 145","BRIDA EEMUA 145 COMPOSITE WELDING NECK PN16 DN700"]
["DE CUELLO","800","PN16","","1060","813","95","","28","41.1","978","","EEMUA 145","BRIDA EEMUA 145 COMPOSITE WELDING NECK PN16 DN800"]
["DE CUELLO","900","PN16","","1168","914","105","","32","41.1","1086","","EEMUA 145","BRIDA EEMUA 145 COMPOSITE WELDING NECK PN16 DN900"]
["DE CUELLO","15","PN20","","89","16","14","","4","15.9","60.3","","EEMUA 145","BRIDA EEMUA 145 COMPOSITE WELDING NECK PN20 DN15"]
["DE CUELLO","20","PN20","","98","25","14","","4","15.9","69.8","","EEMUA 145","BRIDA EEMUA 145 COMPOSITE WELDING NECK PN20 DN20"]
["DE CUELLO","25","PN20","","108","30","14","","4","15.9","79.4","","EEMUA 145","BRIDA EEMUA 145 COMPOSITE WELDING NECK PN20 DN25"]
["DE CUELLO","32","PN20","","117","38","14","","4","15.9","88.9","","EEMUA 145","BRIDA EEMUA 145 COMPOSITE WELDING NECK PN20 DN32"]
["DE CUELLO","40","PN20","","127","44.5","14","","4","15.9","98.4","","EEMUA 145","BRIDA EEMUA 145 COMPOSITE WELDING NECK PN20 DN40"]
["DE CUELLO","50","PN20","","152","57","18","","4","19","120.6","","EEMUA 145","BRIDA EEMUA 145 COMPOSITE WELDING NECK PN20 DN50"]
["DE CUELLO","65","PN20","","178","76.1","18","","4","19","139.7","","EEMUA 145","BRIDA EEMUA 145 COMPOSITE WELDING NECK PN20 DN65"]
["DE CUELLO","80","PN20","","190","88.9","19","","4","19","152.4","","EEMUA 145","BRIDA EEMUA 145 COMPOSITE WELDING NECK PN20 DN80"]
["DE CUELLO","100","PN20","","229","108","24","","8","19","190.5","","EEMUA 145","BRIDA EEMUA 145 COMPOSITE WELDING NECK PN20 DN100"]
["DE CUELLO","150","PN20","","279","159","27","","8","22.2","241.3","","EEMUA 145","BRIDA EEMUA 145 COMPOSITE WELDING NECK PN20 DN150"]
["DE CUELLO","200","PN20","","343","219.1","31","","8","22.2","298.4","","EEMUA 145","BRIDA EEMUA 145 COMPOSITE WELDING NECK PN20 DN200"]
["DE CUELLO","250","PN20","","406","267","38","","12","25.4","362","","EEMUA 145","BRIDA EEMUA 145 COMPOSITE WELDING NECK PN20 DN250"]
["DE CUELLO","300","PN20","","483","323.9","41","","12","25.4","431.8","","EEMUA 145","BRIDA EEMUA 145 COMPOSITE WELDING NECK PN20 DN300"]
["DE CUELLO","350","PN20","","533","368","45","","12","28.6","476.2","","EEMUA 145","BRIDA EEMUA 145 COMPOSITE WELDING NECK PN20 DN350"]
["DE CUELLO","400","PN20","","597","419","51","","16","28.6","539.8","","EEMUA 145","BRIDA EEMUA 145 COMPOSITE WELDING NECK PN20 DN400"]
["DE CUELLO","450","PN20","","635","457.2","52","","16","31.8","577.8","","EEMUA 145","BRIDA EEMUA 145 COMPOSITE WELDING NECK PN20 DN450"]
["DE CUELLO","500","PN20","","698","508","58","","20","31.8","635","","EEMUA 145","BRIDA EEMUA 145 COMPOSITE WELDING NECK PN20 DN500"]
["DE CUELLO","600","PN20","","813","610","71","","20","34.9","749.3","","EEMUA 145","BRIDA EEMUA 145 COMPOSITE WELDING NECK PN20 DN600"]
["DE CUELLO","700","PN20","","927","711","81","","28","34.9","864","","EEMUA 145","BRIDA EEMUA 145 COMPOSITE WELDING NECK PN20 DN700"]
["DE CUELLO","800","PN20","","1060","813","95","","28","41.1","978","","EEMUA 145","BRIDA EEMUA 145 COMPOSITE WELDING NECK PN20 DN800"]
["DE CUELLO","900","PN20","","1168","914","105","","32","41.1","1086","","EEMUA 145","BRIDA EEMUA 145 COMPOSITE WELDING NECK PN20 DN900"]
["SLIP-ON","15","PN16/PN20","","89","16.07","14","","4","15.9","60.3","","EEMUA 145","BRIDA EEMUA 145 COMPOSITE SLIP-ON PN16/PN20 DN15"]
["SLIP-ON","20","PN16/PN20","","98","25.08","14","","4","15.9","69.8","","EEMUA 145","BRIDA EEMUA 145 COMPOSITE SLIP-ON PN16/PN20 DN20"]
["SLIP-ON","25","PN16/PN20","","108","30.08","14","","4","15.9","79.4","","EEMUA 145","BRIDA EEMUA 145 COMPOSITE SLIP-ON PN16/PN20 DN25"]
["SLIP-ON","32","PN16/PN20","","117","38.1","14","","4","15.9","88.9","","EEMUA 145","BRIDA EEMUA 145 COMPOSITE SLIP-ON PN16/PN20 DN32"]
["SLIP-ON","40","PN16/PN20","","127","44.6","14","","4","15.9","98.4","","EEMUA 145","BRIDA EEMUA 145 COMPOSITE SLIP-ON PN16/PN20 DN40"]
["SLIP-ON","50","PN16/PN20","","152","57.23","18","","4","19","120.6","","EEMUA 145","BRIDA EEMUA 145 COMPOSITE SLIP-ON PN16/PN20 DN50"]
["SLIP-ON","65","PN16/PN20","","178","76.33","18","","4","19","139.7","","EEMUA 145","BRIDA EEMUA 145 COMPOSITE SLIP-ON PN16/PN20 DN65"]
["SLIP-ON","80","PN16/PN20","","190","89.18","19","","4","19","152.4","","EEMUA 145","BRIDA EEMUA 145 COMPOSITE SLIP-ON PN16/PN20 DN80"]
["SLIP-ON","100","PN16/PN20","","229","108.38","24","","8","19","190.5","","EEMUA 145","BRIDA EEMUA 145 COMPOSITE SLIP-ON PN16/PN20 DN100"]
["SLIP-ON","10","PN6","","75","17.8","9","","4","M10","55","","JIS B2220","BRIDA SLIP-ON JIS B2220 PLATE PN6 DN10"]
["SLIP-ON","15","PN6","","80","22.2","9","","4","M10","60","","JIS B2220","BRIDA SLIP-ON JIS B2220 PLATE PN6 DN15"]
["SLIP-ON","20","PN6","","85","27.7","10","","4","M10","65","","JIS B2220","BRIDA SLIP-ON JIS B2220 PLATE PN6 DN20"]
["SLIP-ON","25","PN6","","95","34.5","10","","4","M10","75","","JIS B2220","BRIDA SLIP-ON JIS B2220 PLATE PN6 DN25"]
["SLIP-ON","32","PN6","","115","43.2","12","","4","M12","90","","JIS B2220","BRIDA SLIP-ON JIS B2220 PLATE PN6 DN32"]
["SLIP-ON","40","PN6","","120","49.1","12","","4","M12","95","","JIS B2220","BRIDA SLIP-ON JIS B2220 PLATE PN6 DN40"]
["SLIP-ON","50","PN6","","130","61.1","14","","4","M12","105","","JIS B2220","BRIDA SLIP-ON JIS B2220 PLATE PN6 DN50"]
["SLIP-ON","65","PN6","","155","77.1","14","","4","M12","130","","JIS B2220","BRIDA SLIP-ON JIS B2220 PLATE PN6 DN65"]
["SLIP-ON","80","PN6","","180","90","14","","4","M16","145","","JIS B2220","BRIDA SLIP-ON JIS B2220 PLATE PN6 DN80"]
["SLIP-ON","90","PN6","","190","102.6","14","","4","M16","155","","JIS B2220","BRIDA SLIP-ON JIS B2220 PLATE PN6 DN90"]
["SLIP-ON","100","PN6","","200","115.4","16","","8","M16","165","","JIS B2220","BRIDA SLIP-ON JIS B2220 PLATE PN6 DN100"]
["SLIP-ON","125","PN6","","235","141.2","16","","8","M16","200","","JIS B2220","BRIDA SLIP-ON JIS B2220 PLATE PN6 DN125"]
["SLIP-ON","150","PN6","","265","166.6","18","","8","M16","230","","JIS B2220","BRIDA SLIP-ON JIS B2220 PLATE PN6 DN150"]
["SLIP-ON","175","PN6","","300","192.1","18","","8","M20","260","","JIS B2220","BRIDA SLIP-ON JIS B2220 PLATE PN6 DN175"]
["SLIP-ON","200","PN6","","320","218","20","","8","M20","280","","JIS B2220","BRIDA SLIP-ON JIS B2220 PLATE PN6 DN200"]
["SLIP-ON","225","PN6","","345","243.7","20","","12","M20","305","","JIS B2220","BRIDA SLIP-ON JIS B2220 PLATE PN6 DN225"]
["SLIP-ON","250","PN6","","385","269.5","22","","12","M20","345","","JIS B2220","BRIDA SLIP-ON JIS B2220 PLATE PN6 DN250"]
["SLIP-ON","300","PN6","","430","321","22","","12","M20","390","","JIS B2220","BRIDA SLIP-ON JIS B2220 PLATE PN6 DN300"]
["SLIP-ON","350","PN6","","480","358.1","24","","12","M22","435","","JIS B2220","BRIDA SLIP-ON JIS B2220 PLATE PN6 DN350"]
["SLIP-ON","400","PN6","","540","409","24","","16","M22","495","","JIS B2220","BRIDA SLIP-ON JIS B2220 PLATE PN6 DN400"]
["SLIP-ON","450","PN6","","605","460","24","","16","M22","555","","JIS B2220","BRIDA SLIP-ON JIS B2220 PLATE PN6 DN450"]
["SLIP-ON","500","PN6","","655","511","24","","20","M22","605","","JIS B2220","BRIDA SLIP-ON JIS B2220 PLATE PN6 DN500"]
["SLIP-ON","550","PN6","","720","562","26","","20","M24","665","","JIS B2220","BRIDA SLIP-ON JIS B2220 PLATE PN6 DN550"]
["SLIP-ON","600","PN6","","770","613","26","","20","M24","715","","JIS B2220","BRIDA SLIP-ON JIS B2220 PLATE PN6 DN600"]
["SLIP-ON","650","PN6","","825","664","26","","24","M24","770","","JIS B2220","BRIDA SLIP-ON JIS B2220 PLATE PN6 DN650"]
["SLIP-ON","700","PN6","","875","715","26","","24","M24","820","","JIS B2220","BRIDA SLIP-ON JIS B2220 PLATE PN6 DN700"]
["SLIP-ON","750","PN6","","945","766","28","","24","M30","880","","JIS B2220","BRIDA SLIP-ON JIS B2220 PLATE PN6 DN750"]
["SLIP-ON","800","PN6","","995","817","28","","24","M30","930","","JIS B2220","BRIDA SLIP-ON JIS B2220 PLATE PN6 DN800"]
["SLIP-ON","850","PN6","","1045","868","28","","24","M30","980","","JIS B2220","BRIDA SLIP-ON JIS B2220 PLATE PN6 DN850"]
["SLIP-ON","900","PN6","","1095","919","28","","24","M30","1030","","JIS B2220","BRIDA SLIP-ON JIS B2220 PLATE PN6 DN900"]
["SLIP-ON","1000","PN6","","1195","1021","30","","28","M30","1130","","JIS B2220","BRIDA SLIP-ON JIS B2220 PLATE PN6 DN1000"]
["SLIP-ON","1100","PN6","","1305","1122","32","","28","M30","1240","","JIS B2220","BRIDA SLIP-ON JIS B2220 PLATE PN6 DN1100"]
["SLIP-ON","1200","PN6","","1420","1224","32","","32","M30","1350","","JIS B2220","BRIDA SLIP-ON JIS B2220 PLATE PN6 DN1200"]
["SLIP-ON","1350","PN6","","1575","1376","34","","32","M30","1505","","JIS B2220","BRIDA SLIP-ON JIS B2220 PLATE PN6 DN1350"]
["SLIP-ON","1500","PN6","","1730","1529","36","","36","M30","1660","","JIS B2220","BRIDA SLIP-ON JIS B2220 PLATE PN6 DN1500"]
["SLIP-ON","10","PN10","","90","17.8","12","","4","M12","65","","JIS B2220","BRIDA SLIP-ON JIS B2220 PLATE PN10 DN10"]
["SLIP-ON","15","PN10","","95","22.2","12","","4","M12","70","","JIS B2220","BRIDA SLIP-ON JIS B2220 PLATE PN10 DN15"]
["SLIP-ON","20","PN10","","100","27.7","14","","4","M12","75","","JIS B2220","BRIDA SLIP-ON JIS B2220 PLATE PN10 DN20"]
["SLIP-ON","25","PN10","","125","34.5","14","","4","M16","90","","JIS B2220","BRIDA SLIP-ON JIS B2220 PLATE PN10 DN25"]
["SLIP-ON","32","PN10","","135","43.2","16","","4","M16","100","","JIS B2220","BRIDA SLIP-ON JIS B2220 PLATE PN10 DN32"]
["SLIP-ON","40","PN10","","140","49.1","16","","4","M16","105","","JIS B2220","BRIDA SLIP-ON JIS B2220 PLATE PN10 DN40"]
["SLIP-ON","50","PN10","","155","61.1","16","","4","M16","120","","JIS B2220","BRIDA SLIP-ON JIS B2220 PLATE PN10 DN50"]
["SLIP-ON","65","PN10","","175","77.1","18","","4","M16","140","","JIS B2220","BRIDA SLIP-ON JIS B2220 PLATE PN10 DN65"]
["SLIP-ON","80","PN10","","185","90","18","","8","M16","150","","JIS B2220","BRIDA SLIP-ON JIS B2220 PLATE PN10 DN80"]
["SLIP-ON","90","PN10","","195","102.6","18","","8","M16","160","","JIS B2220","BRIDA SLIP-ON JIS B2220 PLATE PN10 DN90"]
["SLIP-ON","100","PN10","","210","115.4","18","","8","M16","175","","JIS B2220","BRIDA SLIP-ON JIS B2220 PLATE PN10 DN100"]
["SLIP-ON","125","PN10","","250","141.2","20","","8","M20","210","","JIS B2220","BRIDA SLIP-ON JIS B2220 PLATE PN10 DN125"]
["SLIP-ON","150","PN10","","280","166.6","22","","8","M20","240","","JIS B2220","BRIDA SLIP-ON JIS B2220 PLATE PN10 DN150"]
["SLIP-ON","175","PN10","","302","192.1","22","","12","M20","265","","JIS B2220","BRIDA SLIP-ON JIS B2220 PLATE PN10 DN175"]
["SLIP-ON","200","PN10","","330","218","22","","12","M20","290","","JIS B2220","BRIDA SLIP-ON JIS B2220 PLATE PN10 DN200"]
["SLIP-ON","225","PN10","","350","243.7","22","","12","M20","310","","JIS B2220","BRIDA SLIP-ON JIS B2220 PLATE PN10 DN225"]
["SLIP-ON","250","PN10","","400","269.5","24","","12","M22","355","","JIS B2220","BRIDA SLIP-ON JIS B2220 PLATE PN10 DN250"]
["SLIP-ON","300","PN10","","445","321","24","","16","M22","400","","JIS B2220","BRIDA SLIP-ON JIS B2220 PLATE PN10 DN300"]
["SLIP-ON","350","PN10","","490","358.1","26","","16","M22","445","","JIS B2220","BRIDA SLIP-ON JIS B2220 PLATE PN10 DN350"]
["SLIP-ON","400","PN10","","560","409","28","","16","M24","510","","JIS B2220","BRIDA SLIP-ON JIS B2220 PLATE PN10 DN400"]
["SLIP-ON","450","PN10","","620","460","30","","20","M24","565","","JIS B2220","BRIDA SLIP-ON JIS B2220 PLATE PN10 DN450"]
["SLIP-ON","500","PN10","","675","511","30","","20","M24","620","","JIS B2220","BRIDA SLIP-ON JIS B2220 PLATE PN10 DN500"]
["SLIP-ON","550","PN10","","745","562","32","","20","M30","680","","JIS B2220","BRIDA SLIP-ON JIS B2220 PLATE PN10 DN550"]
["SLIP-ON","600","PN10","","795","613","32","","24","M30","730","","JIS B2220","BRIDA SLIP-ON JIS B2220 PLATE PN10 DN600"]
["SLIP-ON","650","PN10","","845","664","34","","24","M30","780","","JIS B2220","BRIDA SLIP-ON JIS B2220 PLATE PN10 DN650"]
["SLIP-ON","700","PN10","","905","715","34","","24","M30","840","","JIS B2220","BRIDA SLIP-ON JIS B2220 PLATE PN10 DN700"]
["SLIP-ON","750","PN10","","970","766","36","","24","M30","900","","JIS B2220","BRIDA SLIP-ON JIS B2220 PLATE PN10 DN750"]
["SLIP-ON","800","PN10","","1020","817","36","","28","M30","950","","JIS B2220","BRIDA SLIP-ON JIS B2220 PLATE PN10 DN800"]
["SLIP-ON","850","PN10","","1070","868","36","","28","M30","1000","","JIS B2220","BRIDA SLIP-ON JIS B2220 PLATE PN10 DN850"]
["SLIP-ON","900","PN10","","1120","919","38","","28","M30","1050","","JIS B2220","BRIDA SLIP-ON JIS B2220 PLATE PN10 DN900"]
["SLIP-ON","1000","PN10","","1235","1021","40","","28","M36","1160","","JIS B2220","BRIDA SLIP-ON JIS B2220 PLATE PN10 DN1000"]
["SLIP-ON","1100","PN10","","1345","1122","42","","28","M36","1270","","JIS B2220","BRIDA SLIP-ON JIS B2220 PLATE PN10 DN1100"]
["SLIP-ON","1200","PN10","","1465","1224","44","","32","M36","1380","","JIS B2220","BRIDA SLIP-ON JIS B2220 PLATE PN10 DN1200"]
["SLIP-ON","1350","PN10","","1630","1376","48","","36","M42","1540","","JIS B2220","BRIDA SLIP-ON JIS B2220 PLATE PN10 DN1350"]
["SLIP-ON","1500","PN10","","1795","1529","50","","40","M42","1700","","JIS B2220","BRIDA SLIP-ON JIS B2220 PLATE PN10 DN1500"]
["SLIP-ON","10","PN16","","90","17.8","26","","4","M12","65","","JIS B2220","BRIDA SLIP-ON JIS B2220 HUBBED PN16 DN10"]
["SLIP-ON","15","PN16","","95","22.2","28","","4","M12","70","","JIS B2220","BRIDA SLIP-ON JIS B2220 HUBBED PN16 DN15"]
["SLIP-ON","20","PN16","","100","27.7","32","","4","M12","75","","JIS B2220","BRIDA SLIP-ON JIS B2220 HUBBED PN16 DN20"]
["SLIP-ON","25","PN16","","125","34.5","38","","4","M16","90","","JIS B2220","BRIDA SLIP-ON JIS B2220 HUBBED PN16 DN25"]
["SLIP-ON","32","PN16","","135","43.2","42","","4","M16","100","","JIS B2220","BRIDA SLIP-ON JIS B2220 HUBBED PN16 DN32"]
["SLIP-ON","40","PN16","","140","49.1","46","","4","M16","105","","JIS B2220","BRIDA SLIP-ON JIS B2220 HUBBED PN16 DN40"]
["SLIP-ON","50","PN16","","155","61.1","50","","8","M16","120","","JIS B2220","BRIDA SLIP-ON JIS B2220 HUBBED PN16 DN50"]
["SLIP-ON","65","PN16","","175","77.1","60","","8","M16","140","","JIS B2220","BRIDA SLIP-ON JIS B2220 HUBBED PN16 DN65"]
["SLIP-ON","80","PN16","","200","90","66","","8","M20","160","","JIS B2220","BRIDA SLIP-ON JIS B2220 HUBBED PN16 DN80"]
["SLIP-ON","90","PN16","","210","102.6","74","","8","M20","170","","JIS B2220","BRIDA SLIP-ON JIS B2220 HUBBED PN16 DN90"]
["SLIP-ON","100","PN16","","225","115.4","84","","8","M20","185","","JIS B2220","BRIDA SLIP-ON JIS B2220 HUBBED PN16 DN100"]
["SLIP-ON","125","PN16","","270","141.2","100","","8","M22","225","","JIS B2220","BRIDA SLIP-ON JIS B2220 HUBBED PN16 DN125"]
["SLIP-ON","150","PN16","","305","166.6","112","","12","M22","260","","JIS B2220","BRIDA SLIP-ON JIS B2220 HUBBED PN16 DN150"]
["SLIP-ON","200","PN16","","350","218","134","","12","M22","305","","JIS B2220","BRIDA SLIP-ON JIS B2220 HUBBED PN16 DN200"]
["SLIP-ON","250","PN16","","430","269.5","164","","12","M24","380","","JIS B2220","BRIDA SLIP-ON JIS B2220 HUBBED PN16 DN250"]
["SLIP-ON","300","PN16","","480","321","186","","16","M24","430","","JIS B2220","BRIDA SLIP-ON JIS B2220 HUBBED PN16 DN300"]
["SLIP-ON","350","PN16","","540","358.1","208","","16","M30","480","","JIS B2220","BRIDA SLIP-ON JIS B2220 HUBBED PN16 DN350"]
["SLIP-ON","400","PN16","","605","409","240","","16","M30","540","","JIS B2220","BRIDA SLIP-ON JIS B2220 HUBBED PN16 DN400"]
["SLIP-ON","450","PN16","","675","460","272","","20","M30","605","","JIS B2220","BRIDA SLIP-ON JIS B2220 HUBBED PN16 DN450"]
["SLIP-ON","500","PN16","","730","511","300","","20","M30","660","","JIS B2220","BRIDA SLIP-ON JIS B2220 HUBBED PN16 DN500"]
["SLIP-ON","550","PN16","","795","562","328","","20","M36","720","","JIS B2220","BRIDA SLIP-ON JIS B2220 HUBBED PN16 DN550"]
["SLIP-ON","600","PN16","","845","613","354","","24","M36","770","","JIS B2220","BRIDA SLIP-ON JIS B2220 HUBBED PN16 DN600"]
